relevant,entities,id,A,B,C
1,PRO O O O O O,834253989734649856,0,1,0
1,O O PRO O O O O O O O O O O O O,830096406711042050,0,0,1
1,ID O O O O O O O O O O O O O O O O PRO O,828566553197178880,1,1,0
1,ORG O O ID ID PRO PRO O O PRO VER O VER,834193954056916995,0,0,1
1,ID PRO O O O O O VER VER O VER VER VER O VER VER,829531418241941504,0,1,0
1,PRO O O O O VUL VUL VUL VUL VUL VUL VUL O O O O,829347190938226689,0,1,0
1,ID O O O O O O PRO PRO VER VER VER O O O O,828803344361779201,1,1,0
1,O PRO VER O O,829754039407607809,0,1,0
1,ORG O O VUL VUL VUL VUL ORG O O O O O O O,831576107816202240,0,1,0
1,O O O O O O PRO O O O O O,829889186404716544,1,0,1
1,O ID O O O ORG O O O O ORG O O O,825205636858265602,0,1,0
-1,,834179394402971657,0,0,1
1,O O O O O O O O O O PRO VER PRO VER PRO VER,826738031797346305,0,0,1
1,O ORG O PRO O O PRO PRO O ORG O O O O O O,834057905456480256,0,0,1
1,O O O O O O O O O O PRO PRO O O,832698951270817793,0,0,1
1,ID O O O O O VER O O O O PRO PRO VER VER,828803332059836416,1,1,0
1,O O O O O O PRO O PRO O O O O O O O O O,834390090092773377,0,0,1
1,O ID VUL VUL O O O O O O O O O O PRO O,833154679878074368,1,1,0
1,O ID O O O ORG O O O O O ORG O O O,825205598962774016,0,1,0
1,ID O O O O O O O O PRO PRO VER VER O O O,828803349914980352,1,1,0
1,O PRO O O VER O O VUL VUL VUL O O O,829027885897904128,1,1,0
1,O PRO VER O O O O PRO O O O PRO O O O O O O,826758525565014020,1,1,0
1,O O O PRO PRO VER O O O O O O O O,834711944678502401,0,0,1
1,ID O,826540155481817088,1,1,0
1,O O O PRO O O O O O O O O O O O O,829006599222095873,1,1,0
1,ID O,826485978453929989,1,1,0
-1,,829763072881364992,1,0,0
1,O O O O O O O O O O O O O PRO O O O,827420876433862657,0,1,0
1,VUL VUL O O O PRO O O,834122926714679298,0,1,1
1,O O PRO O O O O O O VUL VUL VUL O O O,826402202918993921,1,1,1
-1,,826142976439037952,1,0,1
1,PRO VER O O PRO VER,831602715344125952,0,0,1
1,O ORG PRO PRO VER O O O O O VUL VUL O O,834372880733347840,0,0,1
-1,,831622874226126851,1,0,0
-1,,835539368706093056,1,1,0
1,ID O O O O ORG PRO VER VER O VER VER VER O ORG O,830978391780229120,1,1,0
1,PRO O O O O O O O O O O PRO O O O,834707174899200000,1,1,0
1,O O O O O O PRO O O O O O O O O,828975069128949760,1,1,0
1,ORG PRO PRO O VUL VUL VUL VUL O O,829622157093306368,1,1,1
1,ORG O O O O PRO O O ORG O O O O ORG O O O,833808110615724039,0,0,1
-1,,829122909356560384,1,1,0
1,O VUL PRO O O O VUL VUL VUL O O,827133065164181504,1,1,0
1,O O ORG PRO O O VUL VUL O O,832191343560634369,0,0,1
1,PRO VER O O O O O O O O O O ORG O O O ORG O,834005249849442304,0,0,1
1,O O O O O PRO VER O O PRO O O,828580656091369472,1,1,0
1,O O PRO O O O O O O O,827546194037657600,0,0,1
1,O ORG PRO PRO VER O O O VUL VUL VUL O O O,834372876346089472,0,0,1
1,O PRO PRO VER VER VER O O O O O O VUL VUL VUL,828663708666695681,1,1,0
1,O O O O O O PRO O O O O O,829993411662843905,0,0,1
1,PRO O O O O PRO O O,831046487291416576,1,1,1
1,PRO O O O PRO O PRO PRO O O PRO O O O O O PRO O O,827224550421233664,0,0,1
1,ID VUL VUL O PRO O VER VER O O O O O O O O O O O,826628047323422720,0,1,0
1,O VUL PRO VER O O O O VUL O O,833823112223416320,1,1,0
1,O O O O O O O O O O,834355399193133056,0,0,1
1,VUL PRO VER O O O O VUL O O,833823015439831042,1,1,0
1,O O O O O PRO O,829884508547727361,0,0,1
1,O ORG PRO O O VUL VUL VUL VUL O,831962415625535490,0,0,1
1,O O O O PRO O O O O VUL VUL,834143365667094528,0,0,1
1,O O O PRO O O O O PRO O O,829891913058807808,1,1,0
1,O ORG O O O O PRO PRO O ORG PRO O O O,835543683336396800,0,0,1
1,O ID PRO PRO O O O,829122900351410177,1,1,0
1,ID ORG PRO PRO O VER VER VER O O O VUL VUL VUL O,831827764483342337,0,0,1
-1,,826799159344824320,0,1,0
1,O ID O O O O O O PRO PRO O O O O O O PRO O,828566583693959168,1,1,0
-1,,831314364850401280,1,1,0
1,PRO VER PRO O O ID O,826146744849227776,1,1,1
1,O O O PRO PRO O,829947137249177600,1,1,0
1,O ID O O PRO,829839701423054848,0,1,0
1,O O PRO O O O O O O O O PRO PRO,835839681828950016,1,1,0
-1,,826438642633699330,0,0,1
-1,,831576591427739648,0,1,0
1,O ID O O O O ORG PRO VER VER O VER VER VER O O,830980906018021376,1,1,0
1,O ORG PRO PRO O O O O O O O O O O O O,827310012380889088,0,0,1
1,O O O VUL VUL O PRO,829883580872536064,0,0,1
-1,,834752518576037889,0,0,1
-1,,831930344550981632,1,1,0
-1,,828660905584054273,0,0,1
1,O O O PRO O O O O O,830057096804757505,1,1,0
1,ID VUL VUL O PRO O O O O PRO PRO VER VER VUL VUL VUL VUL O O,833150889019981824,1,1,0
1,O PRO PRO VER VER VER O O O O VUL VUL VUL,831514475148804098,1,1,0
1,O ORG PRO PRO PRO O O O O,834473203758198785,0,0,1
-1,,830718121505808384,1,1,0
1,O O O PRO PRO VER O O O O O O O O O O O PRO PRO O,828727347255922688,1,0,0
1,PRO VER VER VER VER VER O O O ID,834107262935375873,1,0,0
-1,,831153823297183745,0,0,1
-1,,835175151914389505,1,0,0
1,ID ORG PRO PRO O VER VER VER O O O VUL VUL VUL,832063536981479424,0,0,1
-1,,832175219737387009,1,1,0
-1,,834532923655200768,0,0,1
-1,,826901906291294209,1,1,0
1,PRO VER O ID O,828683453616975872,1,0,1
-1,,827500778977947648,0,0,1
1,O O ORG PRO VER O O O O O,827482296366354433,0,0,1
1,VUL VUL O O PRO O O O O O VUL VUL O O PRO O,835635050511273984,0,0,1
1,O O O O O PRO O,829799449551597570,0,0,1
1,PRO VER O ID,828685660194234369,0,0,1
-1,,835040438142783488,1,1,0
-1,,829861009246531584,1,1,0
1,O O ID O O O VUL VUL VUL VUL,829085173291573251,1,1,0
1,O VUL VUL PRO VER O O O O VUL O O,833810399703216129,1,1,0
1,O O PRO O O,829928734316589060,0,0,1
-1,,830004169784324096,0,0,1
1,O O O PRO O O O O O O O,827547175626350592,0,0,1
-1,,826170847677280258,1,1,0
-1,,832328544021786628,1,1,0
1,O O O O O O PRO O O O O O O,827948087683461121,0,0,1
-1,,830707304324435969,1,0,0
-1,,826481226097766400,0,0,1
-1,,829807952492101632,0,0,1
1,O PRO VER PRO ID,834893415850573824,0,0,1
1,O ID O O O O O ORG PRO O O O O O O ORG PRO,832689890634502145,0,0,1
1,PRO PRO VER VER VER O O O O O VUL VUL,831513734476599296,1,1,0
1,O O O PRO O O O O O,830056996007206912,1,1,0
-1,,829803189675270144,1,0,0
-1,,832541194999779328,1,1,0
-1,,827389331077685250,1,1,1
1,PRO O VUL VUL VUL O O O O O O O O O O O O O,827617155495710720,0,0,1
-1,,831770797576450048,0,0,1
1,PRO O VUL VUL,828674127191871492,1,1,0
-1,,834816089414578178,0,0,1
1,O O PRO PRO O O O O O O VUL VUL VUL O,827141544863870976,1,1,0
1,ID O O O ORG O O O O O ORG PRO PRO O,825182888836595712,0,1,0
-1,,829846119295262720,1,0,0
-1,,828987003555360768,1,0,0
-1,,829741848063307776,0,0,1
-1,,830081139431919618,0,0,1
1,O ID O O O O O O O O PRO PRO VER VER O O O,835331187686113280,1,1,0
1,O O O PRO PRO O O O VUL VUL VUL VUL,827140942197096448,1,1,0
1,ID ORG PRO PRO O VER VER VER O O O VUL VUL VUL VUL,832063540320096256,0,0,1
1,O ID O O O O O VER O O O O PRO O,828804614317285376,1,1,0
-1,,829714664539947009,1,1,0
-1,,829498539512324097,1,0,0
-1,,829760139255226369,0,0,1
1,O ID O O O VER VER O O O O O VER VER O O,832516045772570624,1,1,0
-1,,831170979292385280,0,0,1
1,O O O O O O PRO,830033282779709440,0,0,1
-1,,825528141057769472,0,1,0
1,ID O O O O O O ORG O O VER VER O ORG PRO O O,826780928496263168,0,0,1
-1,,835182206276489216,0,0,1
1,O ID O O O O O O O O O O PRO O O O,832448041613422592,1,0,0
1,O PRO PRO VER VER VER O O O O O VUL VUL VUL,828663746251915264,1,1,0
-1,,826826195476045824,0,0,1
-1,,830128335493554176,1,1,0
1,O PRO VER O O O O PRO O O O PRO O O O O O O,826763041295499264,1,1,0
-1,,826135421256032256,1,0,0
-1,,827273271565430785,0,1,0
-1,,835617962254032897,1,1,0
-1,,829771013655240704,0,0,1
-1,,829497806473744385,1,0,0
-1,,825508200652890113,0,0,1
1,PRO VER PRO ID,827593245219811328,0,1,1
-1,,825827964826759170,1,0,0
-1,,825181929649565696,0,0,1
1,ID VUL VUL VUL O O O O O O ORG PRO VER VER VER O O,832789776331792385,0,0,1
-1,,834387297831301126,1,1,0
1,O O ID O O O O O PRO PRO VER O O,831470377805238274,1,1,0
-1,,834526172134440960,0,0,1
-1,,829778288633483264,1,1,0
-1,,829793579816058882,0,0,1
1,O PRO VER VER PRO O O O ID,828686429446340609,1,1,0
-1,,833749652918792192,0,0,1
1,ORG O O O O O O O O O ORG O O O O O ORG O O,834058198105591809,0,0,1
1,O PRO O O O ID,830164265743085569,0,1,0
1,O ID O O O VUL VUL VUL VUL O O O VUL VUL VUL VUL O,829074823531880453,1,1,0
1,ID O O PRO,829415546768785422,0,1,0
-1,,834864306470715392,0,0,1
-1,,826086346838007808,1,1,0
-1,,834510293908742146,0,0,1
1,O O O O O O PRO,830131933963231233,0,0,1
1,ID O O O ORG PRO O O O O O O O O PRO O O,832040341343723521,0,0,1
-1,,826996095385481217,0,0,1
1,O O ORG PRO PRO VER O O O O O VUL VUL,834370573358735360,0,0,1
-1,,827215801623080961,0,0,1
-1,,831284349697814528,1,1,0
-1,,834493693067292673,1,1,0
-1,,829543730742980608,0,0,1
-1,,834060456625057794,0,0,1
-1,,832743683904696322,0,0,1
-1,,825134585214275585,0,0,1
-1,,826031707484598273,0,0,1
1,ORG O O O O O O O O PRO PRO VUL O O O O O,834193933798404097,0,0,1
-1,,829807051488456706,0,1,0
-1,,825457092307873796,1,1,0
-1,,831156202839097345,0,0,1
-1,,831308986888626176,1,1,0
-1,,834178507467022340,0,0,1
1,O ID O O O O O O PRO O O O O O O PRO O,831967399331127304,1,1,0
-1,,829444793495351296,0,0,1
-1,,832695871301091328,0,0,1
-1,,829687902728757252,0,0,1
-1,,826169601637625856,0,0,1
-1,,831307214900121601,1,1,0
-1,,834072345514016768,1,1,1
-1,,831567028381167616,1,0,0
1,PRO PRO O O O O O,829149802864717825,0,1,1
-1,,831470568180289536,1,1,0
-1,,826181925962387457,0,0,1
-1,,829642041047052288,1,1,0
-1,,827513927177216000,0,1,1
-1,,829301010556452868,0,0,1
-1,,831480401159860225,1,1,0
-1,,829745132723400704,1,1,0
-1,,834845404399296512,0,0,1
-1,,829846618946023424,0,0,1
-1,,834497600648839184,0,0,1
-1,,827865856570961920,1,1,0
1,ID O O O ORG O O O O ORG PRO PRO O,825182942913773569,0,1,0
-1,,830208395139543042,0,0,1
1,PRO ID ID ID O,831554532425469952,1,0,0
-1,,829936002789629953,1,0,0
-1,,827131987420864513,1,0,0
-1,,834365563916996608,1,0,0
-1,,825394072923824128,0,1,0
-1,,825456217573191683,1,1,0
-1,,832345335246835715,0,0,1
-1,,834842779658366978,0,0,1
-1,,832688478643118080,0,0,1
-1,,826124092315099136,1,0,0
-1,,828977898308587521,1,0,0
-1,,829658676948406274,0,0,1
-1,,826106697911500801,1,0,0
-1,,834530853657141251,0,0,1
-1,,826936674835902464,0,0,1
-1,,832708266970853376,1,0,0
-1,,830124080363872256,0,0,1
-1,,831949976263655425,1,0,0
-1,,828604734214897664,0,0,1
-1,,826500001161416705,0,0,1
-1,,832195593007083520,1,1,0
1,ORG PRO PRO VER VER VER VUL VUL VUL,831808064043024384,0,0,1
1,ID O O ORG PRO VER VER VER O PRO PRO O PRO O O O O O,832789795717816321,1,1,1
-1,,832749514175819776,1,1,0
-1,,827229163169861633,1,1,0
-1,,829691130778370048,0,0,1
-1,,831627858103595008,1,0,1
-1,,827354878871740416,1,1,0
-1,,831576297201504256,0,1,0
-1,,829415784409477120,1,0,0
-1,,827477263797067776,1,1,0
-1,,826856100502896640,0,1,0
-1,,834778322274045952,0,0,1
-1,,827637982630903808,1,1,0
-1,,829290069370486785,1,0,0
-1,,831546068835917824,1,0,0
-1,,834036282057703424,1,1,0
-1,,826136412462411776,0,0,1
-1,,829819696446738432,0,0,1
-1,,835204851512520706,0,0,1
-1,,829798557238644736,0,0,1
-1,,835121744126087168,0,0,1
-1,,831186204418650113,1,0,0
-1,,829429900142538753,0,0,1
-1,,826420452172115969,0,1,0
-1,,828676247337132033,1,0,0
-1,,835542406363697153,1,1,0
-1,,834813114390630400,1,1,0
-1,,834900681009975299,1,0,0
-1,,828493593698508805,0,0,1
-1,,830078267445092352,0,0,1
-1,,829602800543866880,1,1,0
-1,,826083746885558272,1,1,0
-1,,831514450654064640,1,1,0
-1,,829031389777518592,0,0,1
-1,,829325619355906049,0,0,1
-1,,829989193929617410,0,0,1
-1,,834194350531891201,0,0,1
-1,,833757949566808064,0,0,1
-1,,829269412456841216,1,0,0
1,ID ORG PRO PRO O VER VER VER O O O VUL VUL VUL,831827758657466370,0,0,1
-1,,834056527195549697,1,0,1
-1,,829937796819267586,0,0,1
-1,,827439568974708737,0,0,1
-1,,829845316501438465,0,0,1
-1,,833317507851235328,1,1,0
1,ID ORG PRO PRO O VER VER VER O O O VUL VUL VUL VUL,832063523660320768,0,0,1
-1,,829804873436639232,1,0,0
-1,,828215409706954754,1,0,0
-1,,834526201238663168,0,0,1
-1,,828415755716812800,1,0,1
1,O O PRO VUL VUL VUL O O VUL VUL,834732633758265344,0,1,1
-1,,825994226743681028,0,0,1
-1,,831776351967404035,0,0,1
-1,,828385308832100353,1,0,0
-1,,830200955131949056,0,0,1
-1,,834360158000123904,1,1,0
1,ORG O PRO O O O ORG O O O O O O,834044153877114880,0,0,1
-1,,829575110482862080,1,0,0
-1,,829122902746345472,1,1,0
-1,,832547864123494401,0,1,0
-1,,830889994969632768,1,1,0
1,ORG PRO PRO VER VUL VUL VUL VUL VUL VUL VUL VUL VUL,830174770071293952,0,0,1
1,O ORG PRO O VUL VUL,834458346442936327,0,0,1
1,O ID PRO O O O O O O O O PRO O O O O,834868271304343553,1,0,0
1,O PRO PRO ID VUL VUL VUL VUL,827141289984397315,1,1,0
-1,,832024222700498944,1,0,0
-1,,829889360384372736,1,0,0
-1,,829928998482305025,0,0,1
-1,,832979875065626625,1,1,0
-1,,827054719306653696,0,0,1
-1,,829001842478575616,0,0,1
-1,,829124629394505731,1,1,0
-1,,826818441915035648,1,1,0
1,O ORG PRO PRO VER VER VER VUL VUL VUL VUL,831808899707572225,0,0,1
-1,,829328850597322753,1,0,0
-1,,832661705893228544,0,0,1
-1,,827499586721824768,1,1,0
-1,,829949854986153984,0,0,1
-1,,829564107602931712,1,0,0
-1,,834813122045214731,1,1,0
1,ORG PRO PRO VER VER VER O VUL VUL,825254656486031360,0,1,0
1,O ORG PRO VER VER VER O O O VUL VUL VUL,832602336023498753,0,0,1
-1,,827217214700929025,0,0,1
-1,,829452856738594816,0,0,1
-1,,826047387311370240,0,0,1
-1,,828307375513882625,0,0,1
-1,,832120083220688896,1,1,0
1,O PRO PRO O O O VUL VUL VUL VUL VUL,827146583858778113,1,1,0
-1,,833684526786228224,1,1,0
1,VUL VUL VUL O O VUL O O PRO PRO O O ID,835917385202794501,1,1,0
-1,,827219353007452160,0,1,0
-1,,833313537493704710,1,1,0
-1,,829824836323115008,0,1,0
-1,,826084538115764225,1,1,1
-1,,831938495753093120,1,1,1
-1,,832255441824542720,0,0,1
-1,,828566449237090306,1,1,0
-1,,829806693030699008,0,0,1
-1,,830095318817579009,0,0,1
-1,,831142946921652225,0,0,1
-1,,829246604813139969,0,0,1
-1,,830197391278145536,1,1,0
-1,,829532688096821249,1,0,0
1,O O O O O O O O O O O PRO VER VER VER VER O,828721496235274240,0,0,1
-1,,826916558547005440,1,0,0
-1,,830060098496114689,0,0,1
1,ID O O O O PRO PRO ID O VER,834896501021290496,0,0,1
-1,,829071809207218179,0,0,1
-1,,825290945495236608,1,1,1
-1,,828519990043086848,1,1,0
-1,,832372030364200960,0,0,1
-1,,827826565450854403,1,1,0
-1,,828999285777776641,0,0,1
-1,,826489897783533569,1,1,0
-1,,831186016253968385,1,1,0
-1,,832973769916502018,1,1,0
-1,,828988582832513024,1,0,0
-1,,830091491519275008,1,1,0
-1,,832860070564225025,1,1,0
-1,,829845636228972549,0,0,1
-1,,830088813196226560,0,0,1
-1,,835253975003906049,0,0,1
-1,,825984425284341760,0,0,1
1,ID O O O ORG PRO O O O O O O O O PRO O O,832040355231064064,0,0,1
-1,,826256215445417984,1,0,0
-1,,826709205365121024,0,0,1
-1,,834112185089527812,0,0,1
-1,,826396715779506182,0,0,1
-1,,830106428656513024,0,0,1
1,O PRO VUL VUL O O O O O,827562735718236160,0,0,1
-1,,829934355740921858,0,0,1
-1,,831827808083144704,0,1,1
-1,,827546174731194368,1,0,1
-1,,831465865887490048,0,0,1
-1,,829551463898677248,1,0,0
-1,,829321690891091968,0,0,1
-1,,830281325210959872,1,0,0
-1,,826067475741577216,1,1,0
-1,,826604773382176768,0,0,1
-1,,831065410535460864,0,0,1
-1,,833619130171457537,1,1,0
-1,,829693132602216448,1,0,0
-1,,832973762530250752,1,1,0
-1,,827074626131996672,0,0,1
-1,,829467157935357952,1,1,0
-1,,834826402847354881,0,0,1
-1,,828009712222347264,1,0,0
-1,,829952802088640512,1,0,0
-1,,826764568806322176,0,0,1
-1,,832167425777004545,0,0,1
-1,,829776421002297344,1,1,0
1,ID O O O O PRO PRO O O O,834523192714633216,1,1,0
-1,,834429891680595969,1,1,0
-1,,827510805885222912,0,0,1
-1,,831858498430459904,0,0,1
-1,,835295769976438785,0,0,1
-1,,832736696307372032,0,0,1
-1,,826146746996662272,1,0,0
-1,,827145080901423104,1,1,0
-1,,835201749598220290,0,0,1
-1,,831282846698446848,1,1,0
-1,,832570270107975680,1,1,0
-1,,834526430553837568,0,0,1
-1,,832269237326643201,0,1,1
-1,,826478164293611521,1,1,0
-1,,829008507265544193,1,1,0
-1,,827494741835128832,0,0,1
-1,,829410597284544519,0,0,1
-1,,831431000299180032,1,1,0
-1,,834372860772831232,0,0,1
-1,,828231086794735618,1,1,0
-1,,829422258322018304,0,0,1
-1,,832528615074045952,0,0,1
-1,,829400685774991360,1,1,0
-1,,829891483054518272,0,0,1
-1,,827624967839895552,0,0,1
-1,,826978803419381760,0,0,1
1,O ORG O O O O PRO PRO O,834327699476905985,0,0,1
-1,,831282848275509248,1,1,0
-1,,829512702489829376,0,0,1
-1,,830010925407207424,1,1,0
-1,,825920993411543040,1,0,0
-1,,826633720371232769,0,0,1
-1,,829102885967364101,1,1,0
-1,,830221437101293570,1,1,1
-1,,835388910704476160,0,0,1
-1,,831446846404960256,0,0,1
-1,,835238927917207553,0,0,1
-1,,827573147343925248,1,1,0
-1,,835196701292052480,0,0,1
-1,,830045247660896257,0,0,1
-1,,832285314769117184,1,1,1
-1,,834194243799351297,0,0,1
-1,,829143616647933954,0,0,1
-1,,831306798850310145,1,1,0
-1,,827500440849780736,1,1,0
-1,,834382735582121984,1,1,0
-1,,829088801595142147,1,1,0
-1,,830057966539796480,0,0,1
-1,,835082028408266752,1,1,0
-1,,830088598988980224,0,0,1
-1,,833946677149052928,1,1,0
-1,,831628812324573184,0,0,1
-1,,833875968276234241,1,0,0
1,O O O ORG PRO O VUL VUL,826851132702130176,0,0,1
-1,,832859202129375232,1,1,0
-1,,831613829628977155,0,0,1
-1,,829754768230842368,0,0,1
-1,,831194802939113473,1,1,0
-1,,829751752610111488,1,1,0
-1,,832875836097261568,1,1,0
-1,,832598502450425856,0,0,1
-1,,826563117408727044,1,0,0
-1,,826143098921181184,0,0,1
-1,,835266928352571392,0,0,1
-1,,828981685102350336,1,0,0
-1,,832412049812680704,1,1,0
-1,,826883864442265605,1,0,0
-1,,834060468448788480,0,0,1
-1,,828573082780626944,1,1,0
-1,,829917848554180608,1,1,0
-1,,834080753667469312,1,1,0
-1,,835215808800358402,1,1,0
-1,,833172824470716416,1,0,0
-1,,827271930025644032,0,0,1
-1,,826958120626876418,0,0,1
-1,,829827246286307328,0,1,0
-1,,826399678845444096,0,0,1
-1,,832881617031016448,0,0,1
-1,,826119617345097729,0,0,1
1,O O O O O O PRO,830035753300328452,0,0,1
-1,,834405950517817345,0,0,1
-1,,833985442638868480,1,1,0
-1,,831108170940563456,1,1,0
-1,,825259651457355778,1,0,0
-1,,826628028872663040,0,0,1
-1,,831837353597624321,0,1,1
-1,,827233550349000706,1,1,0
-1,,830058334220910592,1,0,0
-1,,826486481346719746,1,0,0
-1,,834057865375674369,1,0,0
-1,,831082508410298368,0,0,1
-1,,832990592959279104,1,0,0
-1,,829032093468487681,0,0,1
-1,,829927996190388226,1,0,0
-1,,832353635480829952,0,0,1
-1,,829602811512025090,1,1,0
-1,,826124371966230529,1,1,0
-1,,826517228036165632,0,0,1
-1,,826484372282830848,1,1,0
-1,,829529267583254528,0,0,1
-1,,829817941818372096,0,0,1
-1,,828519603160616960,1,1,0
-1,,826043426504335360,0,0,1
-1,,832972558576254977,1,1,0
-1,,829950675773698048,1,0,0
-1,,828859979197190144,1,0,0
-1,,828415328321413120,0,1,1
-1,,834899022024335360,1,1,0
-1,,829443654125248525,0,0,1
-1,,827805723304325120,1,1,0
-1,,834809504617394177,0,0,1
-1,,826099361121783808,0,0,1
-1,,828554458183372800,1,1,0
-1,,834409943943962627,0,0,1
-1,,829099686858420225,0,0,1
-1,,829513590491213825,0,0,1
-1,,825865935441580032,0,0,1
-1,,828991337517158400,0,0,1
-1,,830150885275754496,1,0,1
-1,,829049823496114176,1,0,0
-1,,832315900858613767,0,0,1
-1,,827614481769459717,1,1,0
-1,,826135418164834305,1,0,0
-1,,831550037104742400,1,1,0
-1,,834699374651392000,1,0,0
-1,,830373448924925952,1,1,0
-1,,834003423234289664,0,0,1
-1,,831042538165436416,1,1,0
-1,,831863026320080897,1,1,0
-1,,830013472813363200,0,0,1
-1,,826581849149288449,1,1,0
-1,,831609628123398146,1,1,0
-1,,829985687181074433,1,0,0
-1,,834543579511021568,0,0,1
-1,,829870328780320769,1,0,0
-1,,834494898992775181,0,1,0
-1,,829776860137582592,1,0,0
-1,,830019896335536128,0,0,1
-1,,829741904304754688,0,0,1
-1,,825329452196433922,0,0,1
-1,,831108187243892736,1,1,0
-1,,827587478152421377,0,0,1
-1,,833632826025267200,0,0,1
-1,,832107746552115201,0,0,1
-1,,827206559746883584,0,1,1
-1,,829403721003995136,0,0,1
-1,,826575591512109056,1,1,0
-1,,831066509392957440,0,0,1
-1,,830348180281634816,1,1,0
-1,,825963783424086016,0,1,0
-1,,831935149470339082,1,1,0
-1,,831891854945828870,0,0,1
-1,,829208170719543296,1,0,0
-1,,826914050399469568,1,0,0
-1,,829599092951101440,1,1,0
-1,,826716287338414084,0,1,0
-1,,834654873895452672,0,0,1
-1,,827586765489897474,0,1,1
-1,,826494030720573440,0,0,1
-1,,832764071279620098,0,0,1
-1,,829439692496068611,0,0,1
-1,,830138141474435074,1,1,0
-1,,831475879071141888,1,1,0
-1,,831998790320193540,1,1,0
-1,,829837418408849408,0,0,1
-1,,828493430204538880,0,1,0
-1,,827685147805900800,0,0,1
-1,,828729258851774465,1,1,0
-1,,835383865770303488,1,1,0
-1,,831626413421764609,0,0,1
-1,,833997031081385985,1,1,0
-1,,832041059064623105,1,1,1
-1,,834750146751655936,0,0,1
-1,,827634269212307456,0,0,1
-1,,826539355896414212,1,0,0
-1,,829520602792861696,0,0,1
-1,,831648370036924416,1,1,0
-1,,829642044536737792,1,1,0
-1,,825571141351776256,1,0,0
-1,,827648991793971200,0,0,1
-1,,835646842058620928,1,1,0
-1,,834276222788059136,1,1,0
-1,,832986811643236352,1,0,0
-1,,830133572224692225,0,0,1
-1,,829800821881597952,0,0,1
-1,,826477345192177664,1,0,0
-1,,827565204569481216,1,0,0
-1,,829602813965647872,1,1,0
-1,,828683837005824000,0,0,1
-1,,835152567936102400,0,0,1
-1,,832556713526042624,0,0,1
-1,,829436422671183872,0,0,1
-1,,828982480979914752,0,0,1
-1,,832033184137244672,1,1,0
-1,,826160061596577792,0,0,1
-1,,830895758639509504,0,0,1
-1,,831051061867737089,1,1,0
-1,,827243693350477824,0,0,1
-1,,829574605899722752,0,0,1
-1,,831513681162862594,1,1,0
-1,,829985323421749248,1,1,0
-1,,830142682836000768,1,1,0
-1,,829035772149772288,0,1,0
-1,,832137477838118913,1,1,0
-1,,834267826735239168,1,1,0
-1,,832972570190307329,1,1,0
-1,,830163206815363072,1,1,0
-1,,827803300619771906,0,0,1
-1,,831186017994547201,1,1,0
-1,,826674209011093505,0,0,1
-1,,827715257305022465,0,0,1
-1,,829992220459749376,0,0,1
-1,,826602513428279296,1,1,0
-1,,825885246474293248,1,1,0
-1,,830867339461718021,1,1,0
-1,,829604336967753728,1,1,0
-1,,831820213951795200,0,0,1
-1,,834817632209473536,1,1,0
-1,,826507452736737280,1,1,0
-1,,829331471659843584,1,1,0
-1,,826575593466634240,1,1,0
-1,,831153973075857408,1,1,0
-1,,829444624993439745,1,1,0
-1,,829946893484556288,0,0,1
-1,,826803573560209408,1,0,0
-1,,829978244287913984,1,1,0
-1,,826256137930547200,0,0,1
-1,,829661160014127106,1,1,0
-1,,831782009789874177,0,1,0
-1,,829391501763424256,1,1,0
-1,,827079144424890368,1,1,0
-1,,831521924991877120,1,1,0
-1,,831192528024113157,0,0,1
-1,,829810691192221698,0,1,0
-1,,831246044818190343,1,1,0
-1,,828675433289883648,0,0,1
-1,,827196709663076352,0,0,1
-1,,831104624417468416,0,0,1
-1,,826395175454810113,0,0,1
-1,,826556704020058112,1,1,1
-1,,833332806461775872,1,1,0
-1,,829117579083919360,1,0,0
-1,,831989050202533888,0,0,1
-1,,826996522000723968,1,1,0
-1,,829932754573758465,0,0,1
-1,,830110360011026432,0,0,1
-1,,829443577520521216,1,1,0
-1,,827623336863793152,0,0,1
-1,,830000893143552000,1,1,0
-1,,834821400145780737,1,1,0
-1,,829681112490315776,1,1,0
-1,,830500747364155392,1,1,1
-1,,827161452742074368,1,1,0
-1,,831521921409884160,1,1,0
-1,,829674984062717953,0,0,1
-1,,829512705736257537,0,0,1
-1,,827479279617265664,1,1,0
-1,,831282838150459392,1,1,0
-1,,831979922201538560,0,1,0
-1,,833032795895246854,0,0,1
-1,,833335868815450112,1,1,0
-1,,829104112289665026,0,0,1
-1,,830710568285720576,1,1,0
-1,,827134160535949313,1,0,0
-1,,829005798407680002,0,0,1
-1,,835534861792231424,1,1,0
-1,,833592835765043200,0,0,1
-1,,826208966044680192,0,0,1
-1,,832570097126473728,1,1,0
-1,,831185055292743681,1,1,0
-1,,829405156911497217,0,0,1
-1,,834144830099841024,0,0,1
-1,,826770125646761985,1,1,0
-1,,831563728747270144,1,0,0
-1,,833664678387707904,0,0,1
-1,,827104427655958530,1,0,0
-1,,829443580418727936,1,1,0
-1,,829088398912557056,0,0,1
-1,,834475587980898305,0,0,1
-1,,828781880375918593,0,0,1
-1,,830077895724765184,0,0,1
-1,,831401619728302080,1,1,0
-1,,835829515691638785,1,1,1
-1,,835232845153042433,0,0,1
-1,,827112877735682049,1,1,0
-1,,829800682337218560,1,0,0
-1,,829013000203882497,0,0,1
-1,,826892501797765120,0,0,1
-1,,835618229108236288,1,1,0
-1,,828160624387616768,1,1,0
-1,,827501931346092032,1,0,0
-1,,828398151115689985,0,1,1
-1,,830095322433073152,0,0,1
-1,,829170408272297985,0,0,1
-1,,829488601272610817,0,0,1
-1,,829736755553263616,0,0,1
-1,,831225738821042177,0,0,1
-1,,826741488105189376,0,0,1
-1,,831313502631518210,1,1,0
-1,,835213205823705088,0,0,1
-1,,831401616838361088,1,1,0
-1,,830095468248043522,1,1,0
-1,,832740425039360000,0,0,1
-1,,828434264396091392,0,0,1
-1,,829716583756898304,0,0,1
-1,,831289280488161280,1,1,0
-1,,830036962698469376,0,0,1
-1,,819546569787736065,0,0,1
-1,,826171793526386688,1,1,0
-1,,827168819642761217,0,0,1
-1,,829009420705226754,0,0,1
-1,,826532796369866752,0,0,1
-1,,835221762136752129,0,0,1
-1,,826145775856005122,1,0,0
-1,,830099039584608256,1,1,0
-1,,831308227291783169,1,1,0
-1,,830102806472249344,0,0,1
-1,,828567749064552449,0,0,1
-1,,830096307528298498,0,0,1
-1,,829735288889081858,0,0,1
-1,,831408752293195777,1,1,0
-1,,835038979963572224,1,1,0
-1,,832213872622891008,0,0,1
-1,,831189886841544704,1,1,0
-1,,828033647081029633,0,0,1
-1,,831194800506433537,1,1,0
-1,,827594339845099525,1,1,0
-1,,833299623632441344,1,1,0
-1,,828944961869602816,0,0,1
-1,,829220879481630721,0,0,1
-1,,830369860173471745,0,0,1
-1,,831239341854879744,0,0,1
-1,,831290538703728640,0,1,0
-1,,827263213477564416,0,0,1
-1,,829134007656906752,1,1,0
-1,,831833382447362048,1,0,0
-1,,831764764590219265,1,1,0
-1,,827162186879422465,1,0,0
-1,,831181344180932613,0,0,1
-1,,831620034598420480,1,1,0
-1,,833757761003401216,0,1,0
-1,,832018732109041664,0,0,1
-1,,835049215348867072,1,1,0
-1,,832635443086778368,1,0,0
-1,,831869488492593153,1,1,0
-1,,826086344149528576,1,1,0
-1,,827247443553173505,0,0,1
-1,,828720805462888449,0,0,1
-1,,829771544591233024,1,1,0
-1,,832022379496951809,0,0,1
-1,,833805967955423232,1,1,1
-1,,829449181202898957,0,0,1
-1,,832172316687794176,0,0,1
-1,,830348181208567808,1,1,0
-1,,830466875846955009,0,0,1
-1,,831219300136521728,0,0,1
-1,,827233542706966529,1,1,0
-1,,826624592487788546,0,0,1
-1,,830050862760357888,0,0,1
-1,,830133575349473280,0,0,1
-1,,834275149281116161,1,1,0
-1,,829889927093612544,0,0,1
-1,,831836856195100673,0,0,1
-1,,827208483707641856,0,1,1
-1,,829432198499495936,0,0,1
-1,,826720285374214144,0,0,1
-1,,834945274430779392,1,1,0
-1,,826566884615213057,0,0,1
-1,,834043340723253249,1,1,0
-1,,825182950912311296,1,1,0
-1,,834384243379802112,0,0,1
-1,,827145554954186752,0,0,1
-1,,828523317887959040,1,0,0
-1,,829450996367708164,0,0,1
-1,,827097039813083137,1,1,0
-1,,826516682780782592,1,0,0
-1,,829832072126672897,0,0,1
-1,,827230976623390720,0,0,1
-1,,826416191363305472,1,1,1
-1,,827310016105414658,1,1,0
-1,,831081514687279104,1,1,0
-1,,829172044562624512,1,0,0
-1,,830865916179181568,1,1,0
-1,,830402434635857920,1,1,1
-1,,834482383403499520,1,0,0
-1,,832378131893719040,0,1,0
-1,,832983044923363328,1,1,0
-1,,827187680203177985,1,1,0
-1,,831042534663188480,1,1,0
-1,,833335628171530241,1,1,0
-1,,831765252341645313,1,1,0
-1,,833360338812801026,1,1,0
-1,,830125340169089024,1,0,1
-1,,830147660304805888,1,1,0
-1,,827358729788076032,0,0,1
-1,,835165076374044673,0,0,1
-1,,831309240023277569,1,1,0
-1,,826902780036182016,0,0,1
-1,,828755132745732099,0,0,1
-1,,831475890110525440,1,1,0
-1,,830142410931965952,0,0,1
-1,,834496761284603904,1,0,0
-1,,827316954226581505,0,0,1
-1,,835227403370774530,1,1,0
-1,,827060992177799168,0,1,0
-1,,829978273597816833,0,0,1
-1,,831401618205712384,1,1,0
-1,,830118753262305280,1,1,0
-1,,835234938094039049,0,0,1
-1,,826727754729193472,0,1,0
-1,,829443583858114561,1,1,0
-1,,828732676194570241,1,0,1
-1,,831272316436901888,0,0,1
-1,,826575589788229633,1,1,0
-1,,834823990552227840,1,1,0
-1,,828572313570439168,1,1,0
-1,,829939805312020480,1,1,0
-1,,827030898323382274,1,0,0
-1,,830867344620675073,1,1,0
-1,,831299423665799168,0,0,1
-1,,829677445578158081,0,0,1
-1,,829647740049178625,0,0,1
-1,,829972505116938240,0,0,1
-1,,835227914069233664,1,1,0
-1,,833332793962663937,1,1,0
-1,,830097937153794048,1,1,0
-1,,830144320846065664,0,1,0
-1,,831270476739702784,0,0,1
-1,,835617953269829637,1,1,0
-1,,835227653519081474,0,0,1
-1,,835538624330420224,1,0,0
-1,,831282460520505349,1,1,0
-1,,831556685886009344,1,1,0
-1,,829097724570112000,0,0,1
-1,,832190321165414403,0,0,1
-1,,829406944590970880,0,0,1
-1,,826655188224204800,1,1,0
-1,,829800802092982273,0,0,1
-1,,831408153921138688,1,1,0
-1,,826778034502000641,0,0,1
-1,,834104176296681473,1,1,0
-1,,829649380932190209,1,1,0
-1,,828758426205483009,0,0,1
-1,,826093895666724865,0,0,1
-1,,829747970677436417,1,0,0
-1,,827634425085231108,1,0,1
-1,,833337880575516672,1,1,0
-1,,834493688633909248,0,0,1
-1,,827504152733425664,1,1,0
-1,,829965202393284608,0,0,1
-1,,826539355896414212,1,0,0
-1,,834275127441375232,1,1,0
-1,,833710567802146816,1,0,0
-1,,828829561446100993,1,0,0
-1,,833671503640137729,1,0,0
-1,,826940627376099328,0,0,1
-1,,829120810614919169,0,0,1
-1,,832620843649888256,0,0,1
-1,,829993186718281728,0,0,1
-1,,829391493798494208,1,1,0
-1,,827643578809720833,1,1,0
-1,,827911163098910720,1,1,0
-1,,833313540450693120,1,1,0
-1,,832103433716903936,0,0,1
-1,,829444622799745024,1,1,0
-1,,834666831243796480,1,1,0
-1,,830155790040317954,0,0,1
-1,,826741084147634178,0,1,0
-1,,829895194854191108,0,0,1
-1,,830134578270584832,1,0,0
-1,,826873884813189120,0,0,1
-1,,834098142899376128,0,1,0
-1,,835130693873098753,1,1,0
-1,,831815602096525312,1,0,0
-1,,829885022807138305,1,0,0
-1,,829097243772854273,0,0,1
-1,,829887283218243588,1,0,0
-1,,831636791660679168,1,1,0
-1,,826909492205977602,0,0,1
-1,,834851705338552320,1,0,0
-1,,826067193670594563,0,0,1
-1,,832768320956870657,1,0,0
-1,,834901790403485696,0,0,1
-1,,832568139242147842,1,1,0
-1,,826225715750240256,0,0,1
-1,,830216797483839490,1,1,0
-1,,830062213071302657,0,0,1
-1,,829888195529699332,0,0,1
-1,,832950088221601793,1,1,0
-1,,826762996261195776,0,1,0
-1,,826782874242260992,0,1,0
-1,,831274107312431104,0,0,1
-1,,827681359967588352,0,0,1
-1,,830091635816071168,0,0,1
-1,,826916816073089024,0,0,1
-1,,829007492277473280,1,1,0
-1,,825459943977394176,0,0,1
-1,,834812733715476480,0,0,1
-1,,831916000274681856,0,0,1
-1,,828310197907099648,1,1,0
-1,,828274905326174211,0,0,1
-1,,833031149836500993,1,1,0
-1,,834360160801914880,1,1,0
-1,,829966800104329216,0,0,1
-1,,831790188565299201,1,1,0
-1,,829253475892654080,0,0,1
-1,,828417516364058625,1,1,0
-1,,831159774649556992,0,0,1
-1,,831460604678377472,0,0,1
-1,,829098140317790208,1,0,0
-1,,823953098364354560,1,1,0
-1,,827617528004374528,0,1,1
-1,,826394311923208197,0,0,1
-1,,831292514388803584,0,0,1
-1,,831273863241687040,1,1,0
-1,,834944042056187904,1,1,0
-1,,833335862431776768,1,1,0
-1,,829985183990476802,0,0,1
-1,,833670060912816128,0,0,1
-1,,831877000449056768,1,1,0
-1,,826766485192323072,0,0,1
-1,,829015644624400389,0,0,1
-1,,834360446018842624,1,1,0
-1,,834008574405779457,1,1,0
-1,,826914056418316295,0,0,1
-1,,826342893497569280,1,1,0
-1,,828415324349403137,1,0,1
-1,,834995269930475521,0,0,1
-1,,827157562839691264,1,1,0
-1,,834530815056945158,0,0,1
-1,,834092189248524288,1,1,0
-1,,834038053631119360,1,1,0
-1,,833587027434098688,0,0,1
-1,,829412008843816960,1,0,0
1,O VUL VUL PRO VUL VUL VUL O O,833313541948055553,1,1,0
-1,,826761533770309633,1,1,0
-1,,834276231323512832,1,1,0
-1,,831282456091324416,1,1,0
-1,,834821964342640640,1,1,0
-1,,829885352257134592,0,1,1
-1,,835990622712573952,1,1,0
-1,,829476179103014913,0,0,1
-1,,829771543219671040,1,1,0
-1,,829080172611641346,1,1,0
-1,,827199974798716929,0,0,1
-1,,827292558619529218,0,0,1
-1,,828127519907930112,1,1,0
-1,,827610795387260928,0,0,1
-1,,827549194693046272,0,0,1
-1,,829439692496068611,0,0,1
-1,,826821038109499395,0,0,1
-1,,831620533083074560,0,0,1
-1,,827161461894107137,1,1,0
1,O O ID O O O O O O O O PRO,835249287512498176,1,1,0
-1,,829789723904372739,0,0,1
-1,,828565675941584897,1,1,0
-1,,819546196633157632,0,0,1
-1,,829661923666960384,0,0,1
-1,,830894668321849344,1,1,0
-1,,827126144138895362,0,1,0
-1,,831907348256063489,1,0,0
-1,,831313503847907328,1,1,0
-1,,829856446170931200,1,0,0
-1,,829133576759152640,0,0,1
-1,,829941099779280896,1,1,0
-1,,828566451376099328,1,1,0
-1,,832397771693027328,0,0,1
-1,,832986809919365120,1,0,0
-1,,829265932266659842,0,1,0
-1,,833755741282529282,0,0,1
-1,,827571734387814400,0,0,1
-1,,835191860561850369,1,1,0
-1,,832630899195813892,0,0,1
-1,,829021248235659264,1,1,0
-1,,832347270762868738,0,0,1
-1,,832182770340212738,0,0,1
-1,,829710953159749633,0,0,1
-1,,831947185507934208,0,0,1
-1,,831864194974760960,0,0,1
-1,,829888321467842561,1,1,0
-1,,826256218226200576,1,0,0
-1,,835500878261956608,1,1,0
-1,,827557218946002944,1,0,0
-1,,826471722383732739,0,0,1
-1,,829872550809198592,1,0,0
-1,,832201807619309568,1,1,0
-1,,830884207937204224,1,1,0
-1,,827650944431226881,0,0,1
-1,,826239440402124800,0,0,1
-1,,826682563754414080,0,0,1
-1,,829893329223614464,1,0,0
-1,,829134734722740225,0,0,1
-1,,826573555500396544,1,1,0
-1,,830040201145745408,0,0,1
-1,,834501361920274432,1,1,0
-1,,829381301492813828,0,0,1
-1,,829934844566085634,0,0,1
-1,,831272123368869894,1,0,0
-1,,835618213945880576,1,1,0
-1,,827488846761885697,1,0,0
-1,,829641476632092672,0,0,1
-1,,832486098773299201,0,0,1
-1,,828133177952722945,0,0,1
-1,,831586010588913664,0,0,1
-1,,826809293714419712,0,0,1
-1,,826490846816137216,1,1,0
-1,,826482711028125696,1,0,1
-1,,826766029334388736,0,1,0
-1,,831115563426598912,0,0,1
-1,,835243266685743106,0,0,1
-1,,832246447747653635,0,0,1
-1,,825942139116802048,0,0,1
-1,,832220690485014528,1,1,0
-1,,834679274732978177,0,0,1
-1,,831989427761131520,1,1,0
-1,,827132135798607873,0,0,1
-1,,834363162547908609,1,1,0
-1,,826920340202754048,1,0,0
-1,,829747353326194689,0,0,1
-1,,829399194662223872,1,1,0
-1,,829608561160417280,0,0,1
-1,,827467952630886400,1,1,0
-1,,828445637729456128,0,0,1
-1,,827162188007645185,1,0,1
-1,,830102511902191617,0,0,1
-1,,831555038485024768,1,1,0
-1,,827017561632079876,1,1,0
-1,,829404568345796609,1,0,0
1,O ORG PRO PRO O PRO ID VUL VUL VUL,823550755793764356,0,1,1
-1,,831822459150151680,0,1,1
-1,,831964572672094208,0,1,1
-1,,819546196633157632,0,0,1
-1,,831764014153744385,1,1,0
-1,,829772843898511360,1,0,0
-1,,835256007165005824,1,1,0
-1,,826567005771739136,0,0,1
-1,,827672035014815744,0,0,1
-1,,830039955409809409,0,0,1
-1,,834481760159330311,0,0,1
-1,,835996064717107200,1,1,0
-1,,831224785300574208,0,0,1
-1,,827354854385401857,1,0,0
-1,,832145017456070656,1,1,0
-1,,826507654679896064,1,0,0
-1,,829988025186791424,0,0,1
-1,,834795509277683713,1,0,0
-1,,829984507222687744,0,0,1
-1,,832689894145290244,0,0,1
-1,,826271302235389952,0,0,1
-1,,827804065283321856,0,0,1
-1,,828745079149953025,0,0,1
-1,,834813851027730432,1,1,0
-1,,830057837351075843,0,0,1
-1,,831855588615323648,1,1,0
-1,,832658400349544449,1,0,0
-1,,835235205573140480,0,0,1
-1,,833641694214111233,1,1,0
-1,,829863826476646402,0,0,1
-1,,833647426019823619,1,1,0
-1,,827215172406280196,0,0,1
-1,,826618609598291969,1,0,0
-1,,829682625950400516,1,0,0
-1,,835182267764965386,0,0,1
-1,,831194798438617089,0,0,1
1,ID ORG PRO PRO O VUL VUL VUL VUL VUL VUL O O,831583692724326401,0,0,1
-1,,827156621755285506,0,0,1
-1,,828574107318964225,1,1,0
-1,,827955715511898112,0,0,1
-1,,827160098107699201,0,0,1
-1,,827805716295667712,0,0,1
-1,,832325994367315968,1,1,0
-1,,830123220191698948,0,0,1
-1,,831314358923886593,1,1,0
-1,,831775588868300800,1,1,0
-1,,835980555749580800,1,1,0
-1,,828555943608741888,1,1,0
-1,,829740497400975360,0,0,1
-1,,829077742629093378,1,1,0
-1,,827803294449942528,1,1,0
-1,,830706071413067776,1,0,0
-1,,835543977784922112,0,0,1
-1,,831247748993257483,0,0,1
-1,,829800672551907328,0,0,1
-1,,830138283506102273,1,1,0
-1,,829380486954889216,1,0,0
-1,,826592212452536321,1,0,0
-1,,826632293125148680,0,0,1
-1,,830134765302984704,0,0,1
-1,,826067479126347776,1,1,0
-1,,831147195457892354,1,0,0
-1,,833319624854867969,1,1,0
-1,,827556316424130560,1,1,0
-1,,828981688654974977,0,0,1
-1,,826354145489715200,0,0,1
-1,,835309888955789312,0,0,1
-1,,834707001351479296,1,0,0
-1,,833656937665482756,0,0,1
-1,,831978711322869764,1,1,1
-1,,832011976654065664,0,0,1
-1,,835067515273281539,1,1,0
-1,,829325622921064448,0,0,1
-1,,831571238862467072,0,0,1
-1,,834003432239403008,0,0,1
-1,,832547902199312384,0,1,0
-1,,825185256357654528,1,1,0
-1,,833247283768496133,0,0,1
-1,,828573021157863424,0,0,1
-1,,832689438358528000,0,1,0
-1,,831186011493371906,1,1,0
-1,,831193756023939073,1,1,0
-1,,826552578167205889,0,0,1
-1,,828387571243823104,1,1,0
-1,,827156881768644609,0,0,1
-1,,832644115791699969,0,0,1
-1,,831231730673655813,0,1,1
-1,,831124379530575872,1,0,0
-1,,834968625484214272,1,0,0
-1,,831053937977470976,1,1,0
-1,,829134009955414017,1,1,0
-1,,831912034069520386,1,0,1
-1,,829393132198387713,1,1,0
-1,,826219855363895296,0,0,1
-1,,830028068701999104,0,0,1
-1,,829677671537848320,1,0,0
-1,,834276230149058561,1,1,0
-1,,829428553343238144,0,1,0
-1,,830163207973056512,1,0,0
-1,,832950084677480449,1,1,0
-1,,827600069457170433,1,0,0
-1,,831160328973066241,0,0,1
-1,,829875063797190662,1,0,0
-1,,834817630460534784,1,1,0
-1,,834534735850373120,1,0,0
-1,,827247574042210304,1,1,0
-1,,828599763784183808,1,0,0
-1,,829774401935536128,1,1,0
-1,,831031698515075072,0,0,1
-1,,829684536376164354,0,0,1
-1,,834501363379879938,1,1,0
-1,,831912032970670081,0,0,1
-1,,826852774105214976,0,0,1
-1,,827597817141219328,1,1,0
-1,,832749284306989056,1,1,0
-1,,830192876780978176,0,0,1
-1,,826818443546615810,1,1,0
-1,,834267825208434688,1,1,0
-1,,826819423923167233,1,1,0
-1,,823953374714404865,1,1,0
-1,,829503052042366976,0,0,1
-1,,827613998736691201,0,0,1
-1,,831183480356798467,1,1,0
-1,,828998327794413568,0,0,1
-1,,831801331232997376,0,1,0
-1,,827099343400349696,0,0,1
-1,,829754061012533248,0,1,0
-1,,831812832324825088,1,0,0
-1,,826832485732450305,0,0,1
-1,,830199518868209664,0,0,1
-1,,834751088528130048,1,1,1
-1,,829142546341191681,0,0,1
-1,,829946127894061057,0,0,1
-1,,829970692208668676,1,1,0
-1,,829799031157248001,0,0,1
-1,,827274303376732160,1,1,0
-1,,829939221519413248,0,0,1
-1,,831556137258397696,1,0,0
-1,,829412444435005440,1,1,0
-1,,830184560189140993,0,0,1
-1,,835166597463556096,0,0,1
-1,,835411134417100801,0,0,1
-1,,828302573899808768,0,0,1
-1,,829318668735635462,0,0,1
-1,,829750532235370498,0,0,1
-1,,834452734556336128,0,0,1
-1,,829674896867209217,0,0,1
-1,,831777421116444672,0,1,0
-1,,829200625405681664,1,0,0
-1,,829366489589248001,0,0,1
-1,,830533369083604992,0,0,1
-1,,833960978173747200,1,1,0
-1,,832979844359213058,1,1,0
-1,,829708981362892805,0,0,1
-1,,829222290931982336,0,0,1
-1,,826354474729996288,0,0,1
-1,,831610990034812930,0,0,1
-1,,831309493153701888,1,1,0
-1,,831404371405467648,1,0,1
-1,,830144337224810501,0,0,1
-1,,829159417056784386,1,1,0
-1,,833755700039933954,0,0,1
-1,,834533226169430016,0,0,1
-1,,830895382129418242,1,1,0
-1,,826120323724517377,1,0,0
1,O PRO ID O O O,832295775606554625,1,0,0
-1,,831063129186381824,1,1,0
-1,,828642043597557760,0,0,1
-1,,834516964290605056,0,0,1
-1,,827117688300380161,0,0,1
-1,,829681109327806465,1,1,0
1,PRO PRO PRO O O O ID,830163745661939712,0,1,0
-1,,835235002069696514,0,0,1
-1,,830699994831343617,0,0,1
-1,,831240093943750657,0,0,1
-1,,831856635312222208,1,0,0
-1,,829661157434613760,1,1,0
-1,,826696136522096640,0,0,1
-1,,829415552019988482,1,0,0
-1,,829670957283438592,1,0,0
-1,,826225710192848897,0,0,1
-1,,829621159402602497,0,0,1
-1,,826331714918113280,0,0,1
-1,,835191868325519363,1,0,1
-1,,827061012524331008,1,0,0
-1,,830010263025938432,1,1,0
-1,,826566886506770432,1,1,0
-1,,834078129471778817,1,1,0
-1,,834458201760227328,0,1,0
-1,,832203668476661761,0,0,1
-1,,830173042697445376,0,0,1
-1,,830065404991119361,1,0,0
-1,,829936720107810816,0,0,1
-1,,833923751276322817,0,0,1
1,O O ORG PRO PRO ID VUL VUL VUL VUL VUL VUL VUL O,826418361638744065,0,0,1
-1,,834679998778863617,0,0,1
-1,,827799404887343104,1,1,0
-1,,835215806040576000,1,1,0
-1,,829442602982334476,0,0,1
-1,,827045698516447232,0,0,1
-1,,826833590755303424,1,1,0
-1,,831521927693004801,1,1,0
-1,,834948499305349122,1,1,0
-1,,835269766541684736,0,0,1
-1,,829883928521621505,0,0,1
-1,,827112744084242432,0,1,0
-1,,835076414684729345,0,0,1
-1,,829290239525003266,1,0,0
-1,,826976808725774339,0,0,1
-1,,834275135888703489,1,1,0
-1,,825369115984408577,0,0,1
-1,,827320731633487872,0,0,1
-1,,829623389874581504,1,1,0
-1,,827120849639575552,0,0,1
-1,,833105204140703744,1,1,0
-1,,829347161418637312,0,0,1
-1,,828685448432205825,0,1,1
-1,,829939483478863874,1,0,0
-1,,829455050586091520,0,0,1
-1,,829891253080834048,0,0,1
-1,,828989223889833984,0,0,1
-1,,831408737441165312,1,1,0
-1,,831299996217602048,0,1,0
-1,,829830031597780996,0,0,1
-1,,829895292447182849,0,0,1
-1,,833052557106819072,0,0,1
-1,,829802923404169216,0,0,1
-1,,831585658267398144,0,0,1
-1,,829476284099096576,0,0,1
-1,,831299167351877632,0,0,1
-1,,828952874663165952,1,1,1
-1,,827078924232454144,0,0,1
-1,,829400682159411201,1,1,0
-1,,834963729351606272,0,0,1
-1,,832979629686267906,1,1,0
-1,,834912342295134209,1,0,1
-1,,827131938930622465,0,0,1
-1,,835623574723403777,1,1,0
-1,,834755782004633601,0,0,1
1,O ORG PRO PRO O O O O,832656410571833344,0,0,1
-1,,831209398651514880,0,0,1
1,O ID ORG PRO PRO O VER O ORG PRO PRO O VER O O,831822692135366656,0,0,1
-1,,830029338238021632,1,1,0
-1,,834908394003841026,1,1,0
-1,,831570604767772672,0,0,1
1,PRO VER PRO ID,831944832667025410,0,0,1
-1,,828867476331053056,0,0,1
-1,,827631754403991552,1,1,0
-1,,829403709465456640,0,0,1
-1,,834275125776285696,1,1,0
-1,,834976178066726912,1,0,0
-1,,831147832614670339,1,1,0
-1,,834091408399200257,1,1,0
-1,,831471841868816390,1,1,0
-1,,828228104065777664,1,1,0
-1,,830096309952606209,0,0,1
1,ORG PRO O,835092069983059972,0,0,1
-1,,826180009933029376,0,0,1
-1,,834144180209336321,0,0,1
-1,,832372027021365248,0,0,1
-1,,829410037814562816,0,0,1
-1,,834096409888567297,1,1,0
-1,,831636597737074688,0,1,0
-1,,835015261300346880,0,0,1
-1,,827086526429458432,0,0,1
-1,,827672772222582784,1,0,0
-1,,830176855449862145,0,0,1
1,O ID O O O ORG O O O O ORG PRO PRO O,825185251685195777,0,1,0
-1,,831189888238231552,1,1,0
-1,,826979511141019652,1,1,0
-1,,829838314974875649,0,0,1
-1,,834572510045757440,0,0,1
-1,,834961076089311233,1,1,1
-1,,829176221644705792,0,0,1
-1,,830029694057725952,1,1,0
-1,,832598003781218304,1,1,0
-1,,833319621335904256,1,1,0
-1,,826192039414935553,1,0,0
-1,,830029328268222464,1,1,0
1,PRO PRO O O PRO ID O,830401032416948224,1,1,0
-1,,829408985556144128,0,0,1
-1,,829839280231051265,0,0,1
-1,,834778965336260608,0,0,1
-1,,825136169210015744,1,1,1
-1,,832369407154327553,0,0,1
1,ORG PRO PRO VER VER VER O VUL VUL,825254661049483264,0,1,0
-1,,829044852935503872,0,0,1
-1,,826886374871724033,1,0,0
-1,,828555384575098880,1,1,0
-1,,831456343617847296,1,1,0
-1,,829948573592780800,0,0,1
-1,,829986937100500992,0,0,1
-1,,827120819532943362,1,1,0
-1,,832315904121794562,1,1,0
-1,,832189627595382784,1,1,0
-1,,832600701641580545,1,1,0
1,O PRO VER O ID,827594344299450373,0,1,1
-1,,831205331023785989,0,0,1
-1,,832324789058535426,1,1,0
-1,,829158189681799169,1,1,0
-1,,831329646557982721,1,1,0
-1,,833658126230552576,0,0,1
1,ORG PRO O O O PRO O O VUL VUL VUL,832135397920669696,1,1,0
-1,,829311613811433473,0,0,1
-1,,831891712171716608,0,0,1
-1,,828589091646119936,1,1,0
-1,,829463351390412800,0,0,1
-1,,829800817414713344,0,0,1
-1,,829798199120506881,0,0,1
-1,,834832730340732928,1,1,0
-1,,833335874612031488,1,1,0
-1,,833985390449012736,1,1,0
-1,,827100416148140033,0,0,1
-1,,831148067948752896,0,0,1
-1,,826573548823064577,1,1,0
-1,,826518141077426178,0,0,1
-1,,834813970959704065,1,1,0
-1,,827571985303687170,0,0,1
-1,,828847519195095040,1,1,0
-1,,835191859110608896,1,1,0
1,PRO ID ID ID O,826124092893863936,1,0,0
-1,,828053200641089536,0,0,1
-1,,833001662801276930,0,0,1
-1,,829837273059426305,1,0,0
-1,,827241155649736710,0,0,1
1,O O O PRO O VUL VUL O O O O O,827704029035769857,0,0,1
-1,,827551538663002112,0,0,1
1,O PRO PRO ID VUL VUL VUL VUL,823550751440076804,0,1,0
-1,,832741286771699712,0,1,0
-1,,835197899441070081,1,0,0
-1,,834190802792411136,0,0,1
-1,,827065468469010433,0,0,1
-1,,825734420162347008,1,0,0
-1,,834206578714755074,0,0,1
1,PRO VER VER VER VER VER VER VER O O ID,829116008711458819,1,0,0
-1,,825328998788059139,0,0,1
-1,,832608486559215616,0,0,1
1,PRO O O O ID,834107244295909376,0,1,0
-1,,829604353350721537,1,1,0
-1,,830118751827849216,1,1,0
-1,,833456584508448768,0,0,1
-1,,829730139940483072,0,0,1
-1,,829560520734863360,1,0,0
-1,,828617775081934848,1,0,0
-1,,827118778530013184,0,1,0
1,PRO VER O ID O,827222589546254336,1,1,0
1,O ID ORG PRO VER VER O VER O O O O ORG PRO VER VER O VER O O O O,832013943904333825,0,0,1
-1,,834775309048229888,0,0,1
1,PRO PRO PRO O O O ID O,827222591735689216,1,1,0
1,ORG O O VER VUL VUL VUL VUL,827708299978096640,0,1,0
-1,,831186020288851968,1,1,0
1,O PRO VER O ID,829411785233035264,0,0,1
-1,,827648775850180608,1,1,0
1,O ID O O O VUL VUL VUL VUL,829084651650170881,1,1,0
-1,,829800960822239232,1,0,0
-1,,835197690757677057,1,0,0
-1,,829746823988383744,1,1,0
-1,,826232782749835266,0,0,1
-1,,829115198153826304,0,0,1
-1,,819546571511595008,0,0,1
-1,,827286752532389888,1,1,0
1,O PRO PRO O O PRO ID,834107524362158084,0,1,0
-1,,833550796042166272,1,0,0
1,O ID PRO PRO O O O O O O O O O O O,834324263863713792,1,1,0
-1,,830178671709270016,0,0,1
-1,,826443592252133376,1,0,0
-1,,834706164344451073,0,0,1
-1,,831146409768448000,0,0,1
-1,,825327901331566593,0,0,1
-1,,835258587735855105,0,0,1
-1,,832303576810557440,1,0,0
1,O PRO PRO PRO O O O ID,829122936745377792,0,1,0
-1,,830052525285969924,0,0,1
1,O PRO PRO ID VUL VUL VUL VUL PRO PRO ID O O O,827141939472498689,1,1,0
-1,,826345045515046912,0,0,1
-1,,827534775275679744,1,1,0
-1,,834047556946530304,1,1,0
-1,,827240880792805377,1,1,0
-1,,835331183378595840,0,0,1
-1,,834828955383320576,1,1,0
-1,,827067860166045696,0,1,0
-1,,834005251061645312,0,0,1
-1,,826062434716831744,0,0,1
-1,,834908397900288000,1,1,0
-1,,831165843656564737,0,0,1
-1,,830379149768273921,0,0,1
-1,,829781873631039488,0,0,1
-1,,826542876549083138,0,1,0
-1,,829772016660025344,0,0,1
1,ID O O ORG PRO VER VER VER O PRO PRO O PRO O VER O O,832591499091116034,1,1,1
1,O PRO VER O O O VUL VUL VUL O O VUL O O,827096871961137152,1,1,0
-1,,827556960140685317,0,0,1
-1,,829109098889302018,0,0,1
1,ID O O ORG PRO VER VER VER O PRO PRO O PRO O VER O O,832591497354698757,1,1,1
-1,,832232938662219776,1,0,0
-1,,825542931352317952,0,0,1
1,O O O ORG PRO O O O O O O O O,835244193102483456,0,0,1
-1,,829928593861926915,0,0,1
-1,,826757174625906688,0,0,1
-1,,834104560549376004,0,1,0
-1,,825872585481211904,1,1,1
-1,,827233934278750208,1,1,0
-1,,834071345814200320,0,0,1
-1,,834440599398969344,1,1,0
-1,,827240829039280128,0,1,1
1,O PRO PRO O O O O O ORG O O O O O O,829027184660541440,0,0,1
-1,,830578413010169856,0,0,1
-1,,832165333830078464,0,0,1
-1,,829086481029423104,0,0,1
-1,,832216777379737600,0,0,1
-1,,829438857825382400,0,1,0
-1,,827803306428887040,1,1,0
-1,,834808036187332609,0,0,1
-1,,831763535319425024,0,0,1
-1,,829691864567644163,1,0,0
1,O O ORG PRO ID VUL VUL VUL O,828533983977705473,0,0,1
-1,,834940188342239232,1,1,0
-1,,828639749040640003,1,1,0
1,ID O O O ORG PRO PRO ID,834494920073289728,0,0,1
-1,,826633705909137409,1,0,0
1,O O ORG O O O O O O,827522073442463744,0,0,1
-1,,827233939928543233,1,0,0
-1,,831477885143744512,1,1,0
-1,,829602793740709889,1,1,0
1,O O ID O PRO O O O O PRO O,831992629386674177,1,1,0
-1,,828400972741238784,0,0,1
-1,,833700301257502720,0,0,1
-1,,825542940692983810,1,1,0
-1,,828415444901965825,1,0,0
-1,,829135830245478404,0,0,1
1,O ORG PRO O VUL VUL,826607039942103041,0,0,1
-1,,831875710809698304,0,0,1
-1,,830164274085507072,1,1,0
-1,,826575576123244544,1,1,0
-1,,827096775504850945,0,0,1
-1,,835621671012704256,1,1,0
1,O O PRO O O O O O O O O,831191543818153989,0,0,1
1,ORG PRO VER O ID O,832303575808176128,1,1,0
-1,,827155222648782850,1,0,1
-1,,829795361254412289,0,0,1
-1,,829602801697378304,1,1,0
-1,,831475894380265473,1,1,0
-1,,831133353478746115,0,0,1
-1,,826547106248790019,0,0,1
-1,,834441235959918592,1,1,0
-1,,832740980860149763,1,1,0
-1,,831057860704423936,1,1,0
1,O ID PRO,829779208578674692,1,1,0
-1,,831863769890447360,0,0,1
-1,,831486437744730113,0,0,1
-1,,832671292805439488,1,1,0
1,O O O O O PRO O O O VUL VUL,834355408785518598,0,1,1
-1,,834344725616402432,0,0,1
-1,,833809737363755009,1,0,0
-1,,827114151910719488,0,1,0
-1,,824016747779002368,1,1,0
-1,,830894663297019905,1,1,0
1,O O PRO PRO ID VUL VUL VUL VUL VUL,823643010776887297,1,1,0
-1,,835057949630291969,1,1,0
-1,,833332800631795712,1,1,0
-1,,826508458518265858,1,1,0
-1,,834119274977325056,1,1,0
1,ID PRO PRO O,833701940576010241,1,1,0
-1,,827230976623390720,0,0,1
-1,,831858497390247937,0,1,1
-1,,831401621963804672,1,1,0
-1,,831067802828050433,1,1,0
-1,,831185050200846336,1,1,0
-1,,832327392702119936,0,0,1
-1,,826170820556967937,0,0,1
-1,,831893019578208256,0,0,1
-1,,829115997936291840,1,1,0
-1,,834267831176937473,1,1,0
-1,,831197523981201413,1,0,1
-1,,831552708075278337,0,1,0
-1,,834279614864379904,0,0,1
-1,,831661893672648708,0,0,1
-1,,825859339156078593,0,0,1
-1,,835181053417566217,0,0,1
-1,,835122769029443585,0,0,1
-1,,829414537732509696,1,0,0
-1,,832450208210378752,0,1,0
-1,,827219459463114752,0,1,0
-1,,827242215642501120,0,0,1
-1,,805450471125254145,0,0,1
1,O O ORG O O O O PRO PRO O VUL VUL VUL O O,834363201106149377,0,0,1
-1,,830867712670842880,1,1,0
-1,,832867772984094721,1,1,0
-1,,833061301777682432,0,0,1
-1,,826834772924182529,0,1,0
-1,,835295777287090176,0,0,1
-1,,831048006237552640,1,0,0
-1,,831451751333126145,1,0,0
-1,,826482709220388866,1,0,1
-1,,829106242983383040,1,0,0
1,O PRO PRO O O O ID,821063660919521280,0,1,0
-1,,830894542589095936,1,1,0
-1,,832979862738583553,1,1,0
-1,,826923658560012290,0,0,1
-1,,832142062963322882,1,1,0
-1,,832276551894962176,1,1,1
-1,,831553771792695297,0,0,1
-1,,832757961399349248,1,1,1
-1,,834200636443000834,0,0,1
1,O ORG PRO PRO ID O O O O,826749013315645440,0,1,0
-1,,831050308360867840,1,1,0
-1,,827650932414377984,0,0,1
1,O ID O O O ORG PRO O O O ORG PRO PRO,825205632840192000,0,1,0
-1,,834606250927218688,0,0,1
-1,,829391500270243842,1,1,0
-1,,834383075299717120,0,0,1
-1,,829209294742646785,0,0,1
-1,,829890604310073348,1,0,0
-1,,829950186239713281,0,0,1
-1,,828789741072084993,0,0,1
-1,,831558443593039873,0,0,1
-1,,831581533051949056,0,0,1
-1,,834808186427363329,1,1,0
-1,,828959277842825216,1,1,1
-1,,826805638336491521,1,0,0
1,O PRO VER O ID,829411790228508674,0,0,1
-1,,828404369074778113,1,1,0
-1,,826099894502821889,0,0,1
-1,,831602727000096768,1,1,1
-1,,829793862612828160,0,0,1
-1,,835617959141867522,1,1,0
-1,,826575657333305344,1,1,0
-1,,831948724330860544,1,0,0
-1,,831614212107599872,0,0,1
-1,,832677846225080320,0,0,1
-1,,827205148560736256,0,0,1
-1,,835181365498953728,0,0,1
-1,,829004749936660480,1,1,0
-1,,829133570245431298,0,0,1
-1,,828996800027688960,0,0,1
1,PRO VER VER VER VER VER VER VER O O ID,832292005237637120,1,0,0
-1,,831287861139820544,0,1,0
-1,,832979842006208513,1,1,0
-1,,832165390167969792,0,0,1
-1,,832069557258956800,0,0,1
-1,,834336669386080257,0,0,1
1,PRO O O ID O,826976773602684928,1,0,0
-1,,826618606611886080,1,0,0
-1,,831568545364508676,0,0,1
-1,,832276816840777728,1,1,0
-1,,834530091715661829,0,0,1
1,O PRO PRO VER VUL VUL VUL VUL VUL VUL,831602466684862464,1,1,0
-1,,829928589797707776,1,0,0
-1,,835525318941212676,1,1,0
-1,,826416918731055104,0,0,1
-1,,835660918423900161,1,1,0
-1,,831575499096862720,0,0,1
-1,,835929587569815552,1,0,0
-1,,834945985516220416,1,1,1
-1,,831905757935390720,0,0,1
1,O O O PRO O O O PRO O O,830963600319709185,1,1,0
-1,,826747060615516161,0,0,1
-1,,826147565385170946,0,0,1
-1,,827367991453036545,1,0,0
-1,,826336313213337600,1,1,0
-1,,830894548779798529,1,1,0
-1,,830894539128795136,1,1,0
-1,,832952266114072577,0,0,1
-1,,830094304148336641,0,0,1
-1,,827309465393360898,1,1,0
-1,,825292151248523264,1,1,1
-1,,825753218911240193,0,0,1
-1,,828992995701633026,1,0,0
-1,,826125136759812097,1,1,0
-1,,827139544122208256,0,0,1
-1,,831083804592898049,0,0,1
1,O O PRO PRO ID VUL VUL VUL VUL VUL O,826743665435422721,1,1,0
-1,,827143059599040514,0,0,1
-1,,834053127716364292,1,1,0
-1,,827275355069177857,0,1,0
-1,,830080024992694272,1,0,0
-1,,831329645555380224,1,1,0
-1,,831694373880463361,0,1,1
-1,,834815771930943489,1,1,0
-1,,827549650471133184,1,1,0
-1,,827161291672453120,0,0,1
1,O O PRO O O PRO O,827013386240192513,1,0,0
1,O O ID O O O O O O PRO,828580675070652417,1,1,0
1,ID O O O O O PRO PRO VER VER O O O O O O,831465834069495809,1,1,0
-1,,827459646948519936,1,1,0
1,ORG O PRO O O O O O O O ORG O O O O O,827670209817374720,0,0,1
1,PRO PRO VER VER VER O O O O VUL VUL VUL,828663572427333632,1,1,0
1,ID O O O O O PRO PRO VER VER O O O O O O,831708664398491648,1,1,0
1,ID ORG PRO VER O VER O O O O O O O O O O O O O O O,831978730901889031,0,0,1
-1,,821018086061068289,0,0,1
1,O PRO O O O O O O O O PRO O O,835504633258860545,0,0,1
-1,,832983026447577089,0,0,1
1,O O O O O VUL VUL O O PRO O O,835506653059502080,1,1,0
-1,,832939525567553536,1,1,0
-1,,827525825281060864,0,0,1
1,O ID O O O ORG O O O O O ORG O O,825205638187843584,0,1,0
-1,,826490000032329730,1,1,1
1,O PRO PRO O O O O O O O O O O PRO PRO O,828719308519985154,0,0,1
-1,,827093819309047808,0,1,0
-1,,832640817227395073,0,0,1
-1,,834928452839014402,0,0,1
1,PRO O O O O O O O O VUL VUL,834149662621843457,0,1,1
1,O O O O PRO PRO O O,834496324934500352,1,1,0
1,O PRO O O O O O O O O VUL VUL,834151533784735744,0,1,1
1,PRO O O VUL VUL O O O O O O,834104177403891713,0,1,1
1,O PRO VER O O PRO O,831603733700214784,0,0,1
1,O O O O PRO VER O O O O O O ORG O O O O O O,834110828689362944,0,0,1
-1,,826944902483345412,0,0,1
1,O ID PRO PRO O O O O O O O O PRO O O O,827496721437581314,1,1,0
-1,,826813733469032449,0,0,1
1,PRO O O O O O VUL VUL,834002683296149506,0,1,1
-1,,826170833232080898,1,1,0
-1,,827453717309902848,0,0,1
1,O ID O O O ORG PRO PRO O O ORG PRO PRO,825185245662167041,0,1,0
1,O PRO PRO O O O O O O VUL VUL VUL VUL,827158539680542720,1,1,0
1,O PRO O O O O O O O O,833504346918772736,1,1,0
-1,,831538474058661888,0,0,1
1,O ID O O O ORG PRO O O O O O ORG PRO O O O,832090749793615872,0,0,1
1,O ID PRO O O PRO PRO O VER VER VER VER VER VER VER,828085023102345216,0,1,0
-1,,835227396647305217,1,1,0
1,ORG O O O O O O PRO O O,834699490019930112,0,0,1
1,PRO O O VUL VUL O O O O O,834117774381297666,0,1,1
1,ORG O PRO O O ORG O O O O,832987445217996800,0,0,1
1,O O PRO O O VUL VUL O O O O O,834114244702588928,0,1,1
1,ID O O O O O O O O O PRO PRO VER VER O,831465832576335872,1,1,0
1,O O O O PRO O O O O O O O,827526662682193920,0,0,1
1,PRO O O ID O,827548275859394561,1,0,0
1,O ID O O O O O O PRO,828580235771772928,1,1,0
1,PRO O O ID O,826988548238647296,1,0,0
-1,,834114688451563520,0,0,1
1,O VUL VUL PRO O O O VUL VUL VUL O O,827124848723914752,1,1,0
-1,,829707573842628615,0,0,1
1,O O PRO O O O O O O O O O O O,833571773383864321,0,0,1
1,PRO O O O ID,829753694375784451,0,1,0
-1,,827123060482387968,1,1,0
1,ID O PRO O O O PRO PRO VER VER O O O O O O O,828566577050165248,1,1,0
1,ID O O O O O O PRO O O O PRO VER VER O VER O O,831917122502664192,1,1,0
-1,,830344647201390592,0,0,1
1,O PRO VER PRO ID,826855035040649220,0,0,1
1,PRO ID PRO O O,830163730491117569,1,1,0
-1,,826130164140621827,1,1,0
-1,,825988944894439426,0,0,1
-1,,834097362683457536,1,1,0
1,O O O VUL VUL O O PRO O O,835506886459932672,1,1,0
-1,,825586051485831168,0,0,1
1,PRO O O O O O O O O O O O O O O,833997542958518276,0,1,1
-1,,834527319553429504,0,0,1
-1,,826053775345512448,1,1,1
-1,,834943470028607489,0,0,1
1,PRO O O O O O O O O O O O O O O O O,834073037444087809,0,0,1
1,O O O O PRO VER O O O O O O O O O O O O O,834095528749178884,0,0,1
1,PRO O O O O O O O,833861435646148608,0,1,1
1,PRO PRO O O O O O O PRO O O O O O O O O,829389335912968193,0,0,1
-1,,829609362909978624,0,0,1
1,PRO O O O O O ORG O O O O O O O O,828597771468959744,0,0,1
1,O O O PRO PRO O O O ID VUL VUL VUL VUL O,803223999706787840,1,1,0
1,O ORG O O O O O VER VUL VUL VUL O,829065043522248706,0,1,0
1,O O O PRO O O O O O O O O O O O O,829316819441811457,1,1,0
1,ORG O O O O O O O PRO O O O O O ORG O,832631151026126848,1,1,0
1,PRO O O O O O O O O O O O O O O O O O,826280874257707008,1,1,1
1,ORG O O O O ORG O O O O O O PRO O O O O,833597652021428225,0,0,1
1,ID O O O O O PRO PRO VER VER O O O O O,829172050531069952,0,1,0
1,ID O O O O O O O O O PRO PRO VER VER O,833150891435900929,1,1,0
1,PRO PRO VER VER VER O O O O O VUL VUL,828663598423629824,1,1,0
1,PRO O O VUL VUL O O O O O,835513767307984896,0,1,1
1,O O O O O O O O O O O O PRO,831195771433271297,0,1,0
1,PRO O O O O O O O O VUL VUL,834720940789551105,1,1,0
1,O ID O O O O O O O O O O O O O ORG ORG,828521298825531392,0,1,1
1,O ORG PRO O O O PRO VER O O O,829867166132367361,0,0,1
1,ID O O O O O PRO PRO VER O O O O O O O O O,831708667271585792,1,1,0
1,O O O O O PRO O O O VUL VUL VUL VUL O,828128289931698176,0,0,1
1,O ORG O PRO VER O O VUL VUL O O O,834230010684661760,0,0,1
1,ID O O O ORG PRO O O O O O O O O PRO O O O,832040347215732737,1,1,0
1,O O O O O O O O O ORG PRO O O O O O O O O O,834699370574577665,0,0,1
1,ORG PRO O O O VUL VUL O O,835091963942666241,0,0,1
1,O O O O O O PRO O O,831474131514359808,0,1,0
1,O O O O PRO PRO VER O O O O O O O O O,834823928254169090,0,0,1
-1,,833361098850127872,1,1,0
1,O O O PRO VER O O,834073285415546880,0,0,1
1,ORG O O O O O VER VUL VUL VUL VUL ORG O O,831933419315666945,0,1,0
1,O O O VUL VUL VUL O O PRO PRO,831611987499040769,0,0,1
1,O ID PRO PRO O,832623792505679872,1,1,0
1,O VUL VUL VUL O O O O O O PRO O O O O O O O O O,825963782358724609,0,0,1
-1,,826487051990216705,1,0,0
-1,,831412473861439488,0,0,1
1,ORG O O O PRO O O ORG O O O O O O O O,833646523137269760,0,0,1
1,O VUL VUL O O O PRO O,835431644949594112,1,1,0
1,O O O PRO PRO O O,834494889370988544,1,1,0
1,PRO O VER O O O,832869795179622400,1,0,0
1,O O O PRO VER O O O O,829051928587833344,0,0,1
-1,,829940561310146561,0,0,1
1,PRO O PRO VER,835499669228777472,0,0,1
-1,,834471827141513218,1,1,0
-1,,832979616331603968,1,1,0
1,O ID O PRO O O O PRO PRO O PRO O O O PRO O,828566578925096960,1,1,0
1,O ID O O ORG PRO VER VER VER O O ORG PRO VER VER VER,832689909475450881,0,0,1
-1,,826171788652584961,1,1,0
1,PRO PRO O O PRO ID,830163747394183168,0,1,0
-1,,834151530643259392,0,1,1
1,O O O O O PRO O PRO O O,830182345651187712,1,1,0
1,ORG O O O O O PRO PRO O,834360054178598912,0,0,1
-1,,825470974502039552,1,1,0
-1,,827801896601542656,1,1,0
1,O O O O PRO VER O O O O O O,834088160963469312,0,0,1
1,ID O ORG PRO PRO PRO ORG O O PRO O O O O O VUL VUL,826900518266105862,0,0,1
1,O ID PRO PRO,826452385748881412,0,0,1
-1,,831933178298314754,0,0,1
1,O PRO O O O VUL VUL O O O,829087544495239169,0,0,1
-1,,835392568758263808,1,0,0
-1,,835170364615450624,0,0,1
-1,,832937527254380544,1,1,0
-1,,830116667661369345,0,0,1
1,VUL PRO VUL VUL VUL O O,833317511395282945,1,1,0
1,ORG PRO VER VER PRO ID,834107252671967232,1,1,0
-1,,825646949038751749,1,0,0
-1,,829990905255981056,0,0,1
-1,,825136180408762369,1,1,1
-1,,825977664540463105,1,1,1
1,O ID ID ID PRO O O O,831477128394743808,0,1,0
1,ORG O O O O O O O O PRO PRO VUL O O,834174957525544961,0,0,1
-1,,833945827890470912,1,1,0
-1,,831313500282744832,1,1,0
1,O PRO VER PRO PRO ID,827594342818779139,0,1,1
-1,,834400510841090049,1,1,0
-1,,826350933563076609,0,0,1
-1,,835525357939863553,1,1,0
1,O PRO O O O O O O O O VUL VUL,834058491975311364,0,1,1
1,O O O O O O O O O,831627268447465472,0,0,1
1,PRO PRO VER VER VER O O O O O O O O VUL VUL VUL,834868693263908864,1,1,0
-1,,826575583001903104,1,1,0
-1,,834047855606108161,1,1,0
-1,,828640507102363650,1,0,0
-1,,833741164461379584,0,0,1
-1,,830029345489981440,1,1,0
1,PRO VER VER PRO ID,834494903434489856,0,1,0
-1,,826584097988472834,0,0,1
-1,,826811619451744256,1,1,0
1,O PRO VER VER VER PRO ID,831603741757415424,1,1,1
1,ID PRO PRO,829415548635250694,1,1,0
-1,,834087314586378242,1,1,0
1,O ID PRO PRO PRO,826452382640926721,0,0,1
-1,,825949274127138816,1,1,1
-1,,829451056396562432,0,0,1
-1,,833807084533616640,1,0,0
-1,,831635137120997376,0,1,0
1,PRO VER O ID,829411425810579469,0,0,1
1,ID O O O O O O O O PRO PRO VER O VER VER VER O,828566566069497856,1,1,0
1,PRO PRO VER VER VER O O O O VUL VUL VUL,831513736947040256,1,1,0
-1,,825267207022137345,1,0,0
-1,,831229002857656322,0,1,0
-1,,828160565398929409,1,1,0
-1,,827616621023883267,0,0,1
-1,,829756381213425664,0,0,1
-1,,832037262313529344,0,0,1
1,O ID O O O O ORG PRO O O O O ORG PRO O,830705782912061440,1,1,0
-1,,832541189245169664,1,1,0
1,O PRO O O O VUL VUL O O O,829087544495239169,0,0,1
1,ORG O O PRO O O PRO VER O,830124357980667904,0,0,1
-1,,828600406339039232,1,1,0
-1,,832939524011487232,1,1,0
-1,,833618799635079169,1,1,0
-1,,832136000210079745,1,0,0
-1,,834722760035356672,1,0,0
-1,,834067300877729792,0,0,1
-1,,831106026539712514,0,0,1
1,O PRO PRO VER VER VER O O O O VUL VUL VUL,833232690384084992,1,1,0
1,ORG O O PRO O O PRO VER O,830124721194807301,0,0,1
-1,,831143040853082112,0,0,1
1,ID PRO PRO,826969279983665152,0,0,1
1,O ID O O O O O PRO PRO VER O O,831468124650270721,1,1,0
-1,,830028861048029186,1,1,0
1,O ID PRO PRO PRO,835750115998580738,1,1,0
-1,,835990626785165312,1,1,0
1,O ORG PRO VUL O O O O O VUL VUL O O,834365203890343936,0,0,1
-1,,834508066758471681,1,0,0
-1,,832141724273221632,0,1,1
1,PRO O O VUL VUL O O O O O,834485833231106052,0,1,1
-1,,827508251562536960,1,0,0
-1,,832106988196737024,0,0,1
1,O ORG PRO O VUL VUL VUL VUL VUL VUL O O,834493699421720576,0,0,1
-1,,830725663296360448,0,0,1
-1,,832265563426652160,0,1,0
1,O ID O O O ORG PRO O O O O O ORG PRO O O O,832090741279178752,0,0,1
-1,,829366473105633280,0,0,1
-1,,832160122080157698,1,1,0
1,VUL VUL VUL O PRO PRO O O O O O O O O O O,834760230831534081,1,1,0
1,O ORG PRO PRO PRO VER VER PRO VER VER VUL VUL O O O,826539445985767424,0,1,0
-1,,831314356914774019,1,1,0
-1,,826422511848001537,1,0,0
-1,,835251847514443777,1,1,0
-1,,831457830158946304,1,1,0
-1,,830096404278341633,0,0,1
-1,,835534854930386944,0,0,1
-1,,828238019551338496,1,1,0
1,O ORG PRO VER VER PRO ID,829125387921846272,1,1,0
-1,,831042289438978049,1,1,0
-1,,834699372466208768,1,0,0
-1,,831917128391544881,0,0,1
-1,,834080691088420864,0,1,1
-1,,829649374569496576,1,1,0
1,PRO O O O ID,826133704577843201,0,1,0
-1,,831201305393721345,1,1,0
1,O PRO PRO PRO O O O ID,829122930512642050,0,1,0
1,ID O O O O O VER O O O O PRO PRO VER VER O,828566567352950785,1,1,0
1,PRO PRO VER VER VER O O O O O O,824050677177602048,1,1,0
-1,,834284302280097792,0,0,1
1,PRO PRO VER VUL VUL VUL VUL VUL VUL VUL,829428550218481676,1,1,0
-1,,831822650976661504,1,0,0
-1,,827712648569561088,0,0,1
-1,,831521067785134085,1,1,0
1,O PRO O O O ID,834107500228132866,0,1,0
1,ID O O O O O PRO PRO VER VER VER O O O O O,828803341425770497,1,1,0
1,O O O ORG PRO O O VUL VUL O,831952278974300161,0,0,1
1,O ORG PRO PRO ID O O O,826755339437608960,0,1,0
-1,,835543495750402051,1,1,0
-1,,825500932418969601,0,0,1
-1,,829097510022979584,0,0,1
-1,,834944013480374272,1,1,0
1,O ID ID ID PRO O O,834497675521298432,0,1,0
1,O ID PRO,829415606675992576,1,1,0
-1,,829844372740935680,0,1,0
1,ORG PRO PRO VER VER VER O VUL VUL,825254649565417472,0,1,0
1,PRO ID ID ID O,831554025057374208,1,0,0
1,ID O O ORG PRO VER VER VER O PRO PRO O PRO O VER O O,832789798779813888,1,1,1
1,O ID O O O ORG PRO PRO O O ORG PRO PRO,825185233867796480,0,1,0
1,O PRO O O O ID,835192648629641216,0,1,0
-1,,835531670912659464,1,1,0
1,O PRO VER PRO ID,835192663204851715,0,0,1
1,O O ID PRO O O,829741721084903424,0,1,1
1,O PRO PRO ID VUL VUL VUL VUL VUL,823638771627360256,1,1,0
-1,,830061037617573888,0,0,1
-1,,831486432967487489,0,0,1
1,PRO PRO O O O ID,826853491146567680,0,1,0
1,O O PRO VER VUL VUL VUL VUL VUL VUL O O,829171986836373504,1,0,0
-1,,835770399099142144,0,0,1
-1,,834602534044102656,1,1,0
1,PRO VER O VER O PRO PRO O ID O O,827596294663270401,1,1,0
1,PRO ID ID ID O,831880782943711232,1,0,0
-1,,832295803649654788,0,1,1
1,O ID PRO PRO,829415601525424129,1,1,0
1,O ID PRO O,827194395179044865,0,1,0
1,O ID ORG PRO PRO O VER O ORG PRO PRO O VER O O,831822698292584449,0,0,1
1,ID O O O ORG PRO PRO O O ORG PRO PRO O,825182933916987394,0,1,0
1,O PRO ID O O O,829122913882271750,1,0,0
1,O ORG PRO O O O VER O VER VER O VER VUL VUL,835253042610073609,0,0,1
1,O PRO PRO O O O VUL VUL VUL VUL,827140671941255169,1,1,0
1,O PRO VER VER VER VER VER VER VER PRO O ID,826855049573912581,1,0,0
1,ORG O O O O VER VER VER VER O O O VUL VUL,829599802337943552,0,1,0
-1,,827257535044345856,0,0,1
-1,,828998290968604673,1,0,0
-1,,823953654310993921,1,1,0
1,O PRO PRO ID VUL VUL VUL VUL VUL,826286396377702400,1,1,0
1,PRO O O O O,829026763783204866,0,0,1
-1,,833076183747145732,0,0,1
1,PRO VER PRO PRO ID,827593242598309889,0,1,1
-1,,827609672718876673,0,0,1
-1,,832397821844267008,0,0,1
-1,,834073562696863746,0,0,1
-1,,831530781541593088,0,0,1
1,ORG PRO O O O PRO O O O O VUL VUL,832135391171997696,0,0,1
-1,,829102896818094081,0,0,1
1,O ID O O ORG PRO VER VER VER O O ORG PRO VER VER VER,832689872825675776,0,0,1
1,O ID O O O ORG PRO O O O ORG PRO PRO,825205631418302464,0,1,0
1,O ORG PRO ID VUL VUL VUL VUL O,826384566587777025,0,0,1
1,O O O O O O O O O PRO VER O O O O O,829286679680864259,0,0,1
1,O O O O O O O O O ORG PRO PRO,833733766459826176,0,0,1
-1,,831263840419639296,0,0,1
1,ORG PRO PRO VER VER VER PRO PRO VUL VUL,825269841485512704,0,1,0
1,O PRO PRO ID VUL VUL VUL VUL VUL,805808888549429248,1,1,0
-1,,828400120953716736,1,0,1
1,O PRO VER VER VER VER VER VER VER O O ID,832656432256294912,1,0,0
1,O O O O O O PRO O O O,830170050107625472,0,1,0
-1,,832186557813649408,1,1,0
1,ORG ORG ID ID ID O,826491354016514048,0,1,1
1,O ORG ORG PRO PRO O O O VUL VUL VUL VUL VUL,826778346633756672,1,1,1
1,O ID ORG PRO VER VER VER O PRO ORG PRO VER VER VER O,832689877149970432,0,0,1
1,O PRO O PRO ID VUL VUL VUL VUL,826157558591205376,0,0,1
1,O ID PRO PRO,832623786272845826,0,0,1
1,PRO PRO PRO O O O ID,834107260498489349,0,1,0
1,PRO PRO O O PRO ID O,831956283456528384,1,1,1
1,O ORG O O O PRO PRO O O O O O,834399480862633989,0,0,1
-1,,829404941852803074,1,1,0
1,O PRO VER PRO ID,834099908303020032,1,1,0
1,O ID PRO PRO O O O O O O O O PRO O O O,827496724579102720,1,1,0
1,O ID O O O ORG O O O O O ORG PRO,825185247000158208,0,1,0
1,PRO O O O ID,828685638304198656,0,1,0
1,ORG O VER VER VER O PRO PRO O VUL VUL VUL,827104432538124289,0,0,1
-1,,833531620258889730,0,0,1
1,O O O O O O PRO O O O,827672380025741314,0,0,1
-1,,828951835440508928,0,0,1
1,PRO VUL VUL VUL O O VUL VUL O,834742132388696064,0,1,1
1,O ORG PRO PRO VER VER VER O VUL VUL,825255678944088064,0,1,0
1,O ORG O VER VUL VUL VUL,831948609264504833,0,1,0
-1,,825223854578614272,0,0,1
1,ORG PRO VER O O O O O O O O,826451930595590145,0,0,1
1,O O O O O O O O O O PRO O O O O O O O O,826546557436751872,0,0,1
1,O PRO O VUL VUL ID,827038059237666816,0,1,0
-1,,830196617911398402,0,0,1
1,PRO O O O PRO PRO ID,831602724806475777,1,1,0
1,O PRO VER VER VER VER VER O O O ID,834107532759199744,1,0,0
1,ID O O O O PRO PRO O O,834520724190662656,1,1,0
1,PRO ID ID ID O,832986867956142080,1,0,0
-1,,831475891406516225,1,1,0
-1,,826944850801065984,0,0,1
1,O ORG O O O O PRO O,834138373887496193,0,0,1
-1,,828684459054612482,0,0,1
1,O PRO PRO O O O ID,826507683792613376,0,1,0
1,O O ORG PRO O O O O O O,829695370468945920,0,0,1
1,ORG O O O PRO O VUL VUL O O,827636109769338880,0,0,1
-1,,829150299302526976,1,0,0
1,O O O O O ORG PRO O PRO O ORG O O O O,832269004207161345,0,0,1
-1,,832533341534552065,1,1,0
1,O PRO PRO PRO O O O ID,834107529282068480,0,1,0
1,O O O O O O O O PRO O O O O,828985446025748480,0,0,1
1,O PRO O O PRO ID,834099933691146240,0,1,0
1,O O O O O ORG PRO O PRO O ORG O O O O,829278644510023681,0,0,1
1,O ORG PRO VER O O VUL VUL VUL,831948601949638657,0,0,1
1,O O O O O ORG PRO O PRO O ORG O O O O,829946249298198528,0,0,1
1,O O O ORG O O O O O,827523223604559872,0,0,1
1,O O ID PRO PRO O,834327675699331073,1,1,0
1,O PRO PRO PRO O O O ID,827219486885429250,0,1,0
1,O O O O O O O PRO O PRO PRO O O O,827086521819942912,1,0,1
1,PRO PRO O O O ID,826133709254438914,0,1,0
1,O PRO PRO O O O ID,829125392418107392,0,1,0
1,O PRO PRO O O ORG ID,829411797136506880,0,1,0
-1,,827256136998924289,0,0,1
1,O ID O O O ORG PRO PRO O O ORG PRO PRO,825185241363050496,0,1,0
1,O PRO O O O O O O O,834748416873857024,0,0,1
1,ORG O VER VUL VUL VUL,831946990191800320,0,1,0
1,O PRO PRO PRO O O O ID,835192677163466755,1,1,0
1,ID O O O ORG PRO PRO O O ORG PRO PRO O,825182894704451586,0,1,0
1,ID O O ORG PRO VER VER VER O PRO PRO O PRO O VER O O,832789766026457088,1,1,1
1,O ORG PRO PRO ID VUL VUL VUL VUL VUL VUL VUL O,826445968853852160,0,0,1
1,O ORG O PRO O O ORG O O O O O,834387546952003584,0,0,1
1,O ID O O ORG PRO VER VER VER O O ORG PRO VER VER VER,832689914168762368,0,0,1
1,PRO O O O O O O O O O O O,834760085901545472,0,0,1
-1,,833734456183767040,0,0,1
1,ORG PRO VER VER VER O O VUL VUL VUL,832601143607975936,0,0,1
-1,,828953473773338626,1,1,0
1,O O O ORG O O O PRO O,828570468424810496,0,0,1
1,PRO O O ID O,826123100454547456,1,0,0
1,O ID PRO,826429725279133697,1,1,0
1,O PRO O O O PRO PRO ID,831603750531899392,1,1,0
-1,,829248817220481024,0,0,1
1,O ORG O O O PRO O PRO O O O O,835433181943758848,0,0,1
1,O PRO VER VER VER VER VER O O ID,834107534445334528,1,0,0
1,O ORG O ORG PRO PRO O O O O O O O,834413250909437955,0,0,1
1,O ORG PRO PRO O O O O VUL VUL VUL,831646522777415681,0,0,1
1,O ORG O O O O O VER VUL VUL VUL VUL,832674077340991488,0,1,0
1,O O O PRO PRO ID VUL VUL VUL VUL,822398610532954112,1,1,0
1,O O O O O O O PRO O O O,826748672524349440,0,0,1
1,PRO PRO O O O ID,826853495529697282,0,1,0
1,O PRO PRO VER VUL VUL VUL,832305855336947713,1,1,0
1,O ID ORG PRO PRO O VER O ORG PRO PRO O VER O O,831822686628220928,0,0,1
1,O PRO O O O O O,829018022987718658,0,0,1
1,PRO O O O ID,826133700236673024,0,1,0
1,PRO PRO PRO O O O ID,834494905078710292,0,1,0
1,O PRO PRO O O VUL VUL VUL VUL VUL,828064613652508673,1,1,0
1,PRO VER O O VUL O,832983043178500097,1,0,1
1,ORG O O O O PRO O O ORG O O O O,833823612922712064,0,0,1
1,O ID O O O ORG PRO O O O ORG PRO PRO,825205618491453440,0,1,0
1,O PRO O O VUL VUL O O O O O O,829895194019405824,0,0,1
1,O O PRO O O O O,828695151732260867,0,0,1
1,ORG O O O O O PRO PRO O O,834364644928020480,0,0,1
-1,,826189912437174273,0,1,0
1,ID O O O O ORG PRO PRO ID O VER,834200408587382784,0,0,1
-1,,829754057296318465,0,1,0
1,O O ORG PRO PRO ID VUL VUL VUL O,826752266619101184,0,1,0
1,O O O O O PRO O O,828874519930601472,0,0,1
-1,,832200251977113601,0,0,1
-1,,831046088849244160,0,0,1
1,O ORG PRO ID VUL VUL VUL O,828544652953268224,0,0,1
1,O ORG PRO ID VUL VUL VUL O,828528694838767618,0,0,1
-1,,829028476535586821,1,1,0
1,PRO VER PRO PRO ID O,827596291853004800,1,1,1
1,O PRO PRO VER PRO O VUL VUL VUL VUL VUL O O,836001934486171652,1,1,0
1,O O O O PRO O PRO O O,828384485657833472,0,1,1
-1,,829949493525303296,0,0,1
1,ORG PRO PRO,826429428586704896,0,1,0
1,O ID O O O ORG PRO O O O ORG PRO PRO,825205611944087553,0,1,0
1,O O O PRO PRO O O VUL VUL VUL,816570688005959680,1,1,0
1,O O PRO O O O O O O O PRO O,828495044189552640,1,0,0
1,O PRO O O O PRO PRO ID,835192640949858309,1,1,0
1,O O O O O O PRO O O,831474133120737280,0,1,0
1,O ORG O O O VER VUL VUL VUL,831230042323742720,0,1,0
-1,,830122761888595968,0,0,1
1,O O PRO O O O,834817875827363840,0,0,1
-1,,831401610026823680,1,1,0
1,O ORG O O O PRO O O,832729112426995712,0,0,1
-1,,832952270333566977,1,1,0
1,O ID O O O ORG O O O O O ORG PRO,825185249982345216,0,1,0
1,O O O PRO PRO VER PRO O VUL O,835987131868794880,1,1,0
1,ORG PRO PRO O O O O VER VUL VUL VUL VUL,831602391317364736,0,1,0
1,O O O PRO PRO O O O O,834802533780434944,1,1,0
-1,,828493521237712896,0,0,1
1,O ORG PRO PRO VER VER VER O O VUL VUL,825255683541057536,0,1,0
-1,,834887885136482304,0,0,1
1,O ID PRO PRO O O O,827513426381451270,1,1,0
-1,,831972602914693125,0,0,1
-1,,835531666370220032,1,1,0
1,O PRO PRO ID VUL VUL VUL VUL VUL,805807018359586817,1,1,0
-1,,835040443477999617,1,1,0
1,O ORG O O O PRO PRO O O O O O,834654871844450307,0,0,1
1,O PRO PRO PRO O O PRO ID,834107526874554370,0,1,0
-1,,819572998571249665,0,0,1
-1,,831451664951435264,0,0,1
1,ORG PRO VER O O VUL VUL VUL,831946984294645767,0,0,1
-1,,826193640154419203,0,0,1
-1,,826498538171486210,0,0,1
1,O PRO PRO VER VER VER VER VER VER VER VER O PRO O VER VER,830213393646755841,0,1,0
1,O O PRO PRO O O O ID VUL VUL VUL VUL VUL,803226217214251012,1,1,0
1,O O ORG O O O VUL VUL VUL O PRO PRO,831596173408530433,0,0,1
1,O O O PRO VER VUL VUL,828875854545567744,0,0,1
-1,,832029415018266625,1,0,0
-1,,834176356002828289,1,0,0
1,ID PRO,827570532912660481,1,0,0
-1,,830136776790466560,0,0,1
-1,,826081116444573696,1,1,0
-1,,829776758681567232,1,1,0
-1,,826876306163896321,0,1,0
1,O ORG O PRO O PRO O O PRO O ID VUL VUL VUL O,828681432415428610,0,1,1
-1,,826467611005243392,0,0,1
1,O PRO O O VER O O VUL VUL O,829008095800029186,1,1,0
-1,,830707075999211521,1,0,0
-1,,830167165403820033,1,1,0
1,ORG PRO O VUL VUL O,835783999251329024,0,0,1
1,O ORG PRO PRO VER VER VER VUL VUL ID,831808915276967936,0,0,1
1,PRO O O O O,829020967515086849,0,0,1
1,O O ORG PRO ID VUL VUL VUL VUL,826398234256015360,0,0,1
1,O O PRO O O O O,834753455134646273,0,0,1
-1,,826590892421165056,0,0,1
1,O O O O O O O PRO O,828657801857794048,0,0,1
1,O ORG PRO PRO ID VUL VUL VUL,826755341375373312,0,1,0
-1,,832315910421622784,1,1,0
-1,,827100427925778432,0,0,1
-1,,826393734438756352,0,0,1
1,O O ORG PRO ID VUL VUL VUL O,826386938961686528,0,0,1
1,ID PRO PRO,830136984840597504,1,1,0
-1,,829748810352050176,1,0,0
-1,,829028820770381824,0,0,1
1,O ORG PRO PRO O PRO ID VUL VUL VUL VUL VUL,827444555569991680,0,0,1
1,PRO VER O O O O O O O ORG O,827645365109133312,0,0,1
1,O PRO VER O ID,827219473719521280,0,1,0
-1,,834096380079534080,1,1,0
1,O O O ORG O O O PRO O O,827589755055403008,0,0,1
1,O O ID VUL VUL VUL VUL VUL,830229791257227265,1,1,0
1,O O PRO PRO O O O ID VUL VUL VUL VUL VUL,826814655049920513,1,1,0
1,PRO PRO O O PRO ID O,834119278718705664,1,1,0
-1,,831504926270316548,1,1,0
1,ORG PRO O VUL VUL,834664379371098112,0,0,1
1,O O O VUL VUL O O O O O,829886317840343040,0,0,1
1,PRO PRO O O O ID,829116001182695424,0,1,0
1,ORG PRO VER O PRO VER PRO VER O O O VUL VUL VUL,827547521681616896,0,0,1
1,O ORG PRO VER VER VER PRO ID,831603752700370947,1,1,1
1,O PRO PRO ID VUL VUL VUL VUL VUL,823623470697345025,1,1,0
1,O ORG PRO PRO O O O O VER VUL VUL VUL VUL,831602475299905537,0,1,0
1,ID ORG PRO PRO VUL VUL VUL VUL VUL VUL O,831612288725557248,0,0,1
1,O O PRO O O O O O O O O O,833571767956430848,0,0,1
1,O PRO O O,829007484828413956,1,1,0
1,O O PRO VER PRO VUL VUL VUL VUL ID VUL VUL O O,831615080022364166,1,1,0
-1,,834945280059518976,1,1,0
1,O PRO VER PRO ID,826855032553426945,0,0,1
1,ID PRO PRO,830136979815854080,1,1,0
-1,,831347097626624003,1,1,0
-1,,826918678927122436,1,0,0
-1,,826493126726524928,0,0,1
1,O O O PRO PRO ID VUL VUL VUL VUL VUL,823642339054944256,1,1,0
1,O PRO PRO O O VUL VUL VUL VUL VUL,828862387629404160,1,1,0
-1,,827602349501796352,1,1,0
1,ORG PRO PRO VER VER VER O VUL VUL,825254657907896320,0,1,0
1,PRO VER VER PRO O ID,827593260466130946,1,1,0
1,ORG PRO PRO VER VER VER PRO PRO VUL VUL,825269835554758657,0,1,0
1,ORG PRO O,835092006644908032,0,0,1
1,O PRO PRO O O VUL VUL VUL VUL VUL,827189683847303169,1,1,0
1,PRO VER PRO ID O,826852652994539520,1,0,1
1,O O ORG PRO O O O O,832985128653746177,0,0,1
-1,,829994683598303232,0,1,0
1,ORG PRO O O VUL VUL,832988479558676480,0,0,1
1,O ORG PRO PRO VER VER VER O VUL VUL,825255668294774784,0,1,0
-1,,834206831429959683,1,1,0
-1,,826618608780324864,1,0,0
1,O ORG O O O O PRO O O ORG O O O O O,833807082864275456,0,0,1
1,ORG PRO PRO VER VUL VUL VUL,832749272521142272,0,1,0
1,O O O O O O PRO O,829470244590718978,0,0,1
-1,,827838640323563520,0,0,1
1,O O PRO O O O,825955100602531840,1,1,0
-1,,831639163594297344,0,0,1
1,O O ID VUL VUL O O O,826320322852974592,0,0,1
1,O ORG O PRO O O O O O O,834189746351992832,0,0,1
1,ORG PRO O VUL VUL,834675926566735873,0,0,1
1,O O O O PRO PRO O O,833313544972169217,1,1,0
1,O PRO O O O ID,834496334413647872,0,1,0
1,PRO VER O VER O VER O O ID O,834123052178739200,1,0,0
-1,,829940318476722176,0,0,1
-1,,830118344472788992,0,0,1
1,O PRO VER O O O O O O O O,831140516922273795,0,0,1
-1,,832145018164948992,1,1,0
-1,,829442209543970816,1,1,0
-1,,830032596771946496,1,0,0
1,PRO PRO VER VUL VUL VUL,827708298665324544,1,1,0
-1,,826484894855426050,0,1,0
-1,,831844005025611776,0,0,1
-1,,829442003599515651,0,0,1
1,ORG ORG ID ID ID O,827158407148773376,1,1,1
1,PRO PRO O O O O O O,830793167037427713,1,1,0
1,ORG O VER VUL VUL VUL VUL,831227851445792769,0,0,1
1,O ORG PRO PRO VUL VUL,832988779904397312,0,0,1
-1,,829899797603590144,0,0,1
-1,,834412949108318208,0,0,1
-1,,828978279054979072,0,0,1
1,O PRO PRO ID VUL VUL VUL VUL VUL O,826739402055380992,1,1,0
1,O ORG O O O O O PRO PRO O,834380520595345410,0,0,1
1,O ID PRO PRO O O O O O O O O PRO O O O,834324267181424640,1,1,0
1,ORG PRO PRO VER VER VER O VUL VUL,825254665373773824,0,1,0
1,O O PRO VER O VUL VUL,827687416467189761,1,0,0
-1,,832972564888682498,1,1,0
-1,,827146427088433152,0,0,1
1,O PRO PRO ID VUL VUL VUL VUL VUL,827596411420028928,1,1,0
-1,,827596293669138433,1,0,0
1,O O PRO O O,829008493336223744,1,1,0
-1,,826146747822927874,1,0,0
-1,,825561105560961024,1,1,0
1,ID ID ORG PRO PRO VUL VUL VUL VUL VUL VUL O ORG,832114821025853440,0,0,1
1,ORG O O O O PRO PRO O,834303355048624128,0,0,1
-1,,827308620723347456,1,1,0
-1,,829156829141823489,0,0,1
-1,,827613291182686208,1,1,0
1,ORG PRO O O O PRO O O VUL VUL VUL,832135399527026689,0,0,1
1,VUL PRO O O O VUL VUL VUL O O O,827139545225269250,1,1,0
1,O ORG PRO PRO O PRO ID VUL VUL VUL VUL VUL O,827444563543363586,0,0,1
-1,,828795750960226304,0,0,1
-1,,828758459776659456,0,0,1
-1,,835051766312022016,1,1,0
1,O PRO ID O O O,832656417739862018,1,0,0
1,PRO PRO PRO O O O ID O,831299449334829057,1,1,0
1,ORG PRO O O O VER O VER VER O VER VER O VER VER O VER O O,835251734540759042,1,1,0
1,O ORG PRO VER O O O O O O O O O O,828515098419359744,0,0,1
1,PRO ID O O O,831602718703747073,1,0,0
1,ID PRO,833701932468408321,0,0,1
1,PRO O O O ID,831295263792889861,0,1,0
1,O PRO O O O O,829044848212733954,0,0,1
1,O ORG PRO PRO VER VER VER VUL VUL VUL,831808902614417409,0,0,1
1,PRO PRO VER VUL VUL VUL VUL VUL VUL,829809840604196865,1,1,0
1,ORG PRO PRO VER VER VER PRO PRO VUL VUL,825269840088821760,0,1,0
1,O O O O O O PRO O O,827426432829706240,0,0,1
1,O ORG PRO PRO VER VER VER PRO PRO VUL VUL,825270750953275392,0,1,0
-1,,829796780032286720,1,0,0
1,O ORG O O O O PRO PRO O VUL VUL VUL O O,834380519076925441,0,0,1
-1,,831477896774553601,1,1,0
-1,,834043348730142720,1,1,0
1,O ORG PRO PRO VUL VUL VUL,829776761781100544,0,0,1
1,O PRO ID O O O,826855008603951108,1,0,0
1,O ORG PRO O,835094847212171264,0,0,1
1,O O O O O PRO O O O,834444388721901568,0,0,1
1,O O PRO PRO O O VUL VUL VUL,826770792268591105,1,1,0
1,PRO O O O O O O O,827607627555229696,0,0,1
1,O O O O O ORG PRO O PRO O ORG O O O O,829802164210040832,0,0,1
-1,,826982740503490561,0,0,1
1,O PRO O O O O,829027253791125504,0,0,1
-1,,826088152599261184,1,1,0
-1,,826342382362882048,1,1,0
1,O PRO PRO ID VUL VUL VUL,823594795029426177,0,1,0
1,ID O O O O PRO PRO O O,834520724190662656,1,1,0
-1,,829746397935235072,0,0,1
1,O PRO PRO ID VUL VUL VUL VUL,823594543408939008,0,1,0
-1,,835838297264041985,1,1,1
1,O PRO PRO ID VUL VUL VUL VUL,827151105435906049,1,1,0
1,PRO VER PRO PRO ID O,828691008628011010,1,1,1
1,PRO VER VUL VUL VUL O,832986813383860228,1,1,0
-1,,827188607723057152,0,0,1
1,PRO ID PRO O O,829753681251794948,1,0,0
1,O O ORG O O O O O O O O,833360507218296832,0,0,1
-1,,828365662083018756,1,1,0
-1,,834473833990086660,0,0,1
-1,,829400683757531136,0,0,1
1,ORG PRO PRO VUL VUL VUL VUL ORG PRO PRO O O O O VUL VUL O,829058852167499776,0,0,1
-1,,827092297120612352,0,1,0
-1,,830205388809068544,0,0,1
1,O ORG PRO PRO VER O O O VUL VUL VUL,834425913798488066,0,0,1
1,O O O O O PRO O O O,826052173163290624,0,0,1
-1,,826936420178722817,0,1,0
-1,,834699341134757888,1,0,0
-1,,828545797729947648,1,1,0
-1,,827491351176548352,1,0,0
-1,,831536291061735424,0,1,0
-1,,835152517310922754,0,0,1
-1,,834310103348162560,1,1,0
-1,,827168534497214465,1,0,1
-1,,826490260385206272,1,0,0
1,O ORG PRO PRO ID O O O,826747354560753664,0,1,0
-1,,825139477165252608,1,1,0
1,O O ORG PRO PRO O PRO ID VUL VUL VUL VUL VUL,827457224280780800,0,0,1
-1,,802582797785374720,0,0,1
-1,,825766633251667969,0,0,1
-1,,827253637495738372,0,0,1
-1,,831931863899836416,0,1,0
1,O O O O O O O PRO O O,830178164739543040,0,1,0
-1,,826819867051323392,0,0,1
-1,,835127144527376385,0,0,1
1,O O ID O O O ORG PRO PRO ID,834194352373104645,0,0,1
-1,,829390679021219840,0,0,1
-1,,829882972098744320,0,0,1
-1,,826090005814706177,1,1,0
-1,,833335872581935104,1,1,0
-1,,833301920110538752,1,1,0
-1,,830104600929771520,0,0,1
-1,,832264434294878209,0,1,0
1,O PRO O O O PRO O VER VER PRO VER O VER O O O O,827090236018716672,0,0,1
-1,,829405322393612288,1,1,0
-1,,832013947423379458,1,0,0
-1,,828886363068100608,1,1,0
-1,,832195527726997504,0,0,1
-1,,830099042856079362,1,1,0
-1,,826149349260357634,0,1,1
1,O PRO O O O ID,827219465481883648,0,1,0
-1,,827573530200010756,1,0,0
-1,,829836860654383105,1,0,0
1,O ORG PRO PRO O PRO ID VUL VUL VUL,823538140182958080,0,1,1
-1,,827608067000905728,0,0,1
1,O PRO O O O O O,834057623167238144,0,0,1
-1,,825995557655154689,0,0,1
1,PRO O O ID O,834819119836979201,1,0,0
-1,,826142974631309312,1,1,0
1,O O O O O O O,830523054103085056,1,1,0
1,O ORG PRO PRO VER VER VER O VUL VUL,825255662766682112,0,1,0
1,O ORG PRO PRO VER O O VUL VUL VUL VUL O O,834372878577524739,0,0,1
1,PRO O O VUL VUL O O VUL VUL,831394726632906752,0,0,1
1,PRO VER O O ID O,831299451817848832,1,1,0
1,O PRO PRO VER VER VER O ID PRO O O VUL VUL,833232689243250688,1,1,0
1,O PRO PRO ID VUL VUL VUL VUL VUL,823614827541172226,1,1,0
-1,,832304070559932416,0,0,1
-1,,829752991901179904,1,0,0
-1,,834462780115738626,0,1,0
-1,,826546876904189952,0,0,1
-1,,827233932512940034,1,1,0
-1,,825205644735156224,1,0,0
-1,,827559076754292737,1,1,0
1,O PRO O O O O PRO O PRO VER O VER O O,828492460426919936,0,0,1
-1,,819563514520018944,0,0,1
-1,,831931812272222208,0,1,0
-1,,835989349766291457,1,1,0
-1,,832867768320024580,1,1,0
-1,,825933500750499840,1,1,1
-1,,834024909588230144,0,0,1
1,PRO O O O O O O O O ORG O O O O,829800819004362752,0,0,1
-1,,830718123510599681,1,0,0
-1,,827163565249425408,0,0,1
-1,,827181742767366147,0,0,1
1,O PRO PRO O O VUL VUL VUL VUL VUL,827222659482189824,1,1,0
-1,,827509797608120321,0,0,1
1,O ID ID ID PRO O O,834493791532941314,0,1,0
-1,,826233539641356288,0,0,1
-1,,831595158437244930,0,0,1
1,O PRO O O O O O O O O O O O,831972495175667713,0,0,1
1,ORG PRO PRO O VUL VUL VUL,826950406928470017,0,1,0
-1,,829363159500734466,0,0,1
1,ORG O O ORG PRO PRO O O O O,834795505142087680,0,0,1
1,O O O O O PRO O VUL VUL O,834021886568771586,0,1,1
1,O ORG PRO PRO VUL VUL VUL VUL,829429387749683201,0,1,0
1,ID PRO PRO,832620881008431104,0,0,1
1,O O ORG PRO PRO VER O O O O O VUL VUL,834421252223856640,0,0,1
1,PRO ID O O O O,830166985279352832,1,0,0
1,O PRO O O O O O,835656019246202881,0,0,1
1,ORG PRO PRO O VER VER VER VER VUL O,826709206447198208,0,1,0
1,O PRO ID O O O,826507652616314881,1,0,0
1,PRO O O O O O O,827614056802553858,0,0,1
1,PRO O O ID O,830091493155106816,1,0,0
1,O O PRO O VER O O,832543027440783361,1,0,0
1,PRO O O O PRO O VER VER PRO VER O VER O O O O,827088844633829376,0,0,1
1,O O O PRO O O O PRO O O O,830963482233286656,1,1,0
1,ORG PRO PRO VER O O VUL VUL VUL VUL,832989400674004993,0,0,1
1,O O O VUL VUL PRO O O O O O,827310766369947650,1,0,1
-1,O ORG PRO PRO VER VER VER O O VUL VUL,825255685168443392,0,1,0
1,ORG O O O O PRO O O ORG O O O O O,833809733907681280,0,1,1
1,O O PRO O O O O,829017474603614208,0,0,1
1,PRO PRO VER VER VER O VUL VUL,828663593348501506,1,1,0
1,ORG ORG ID ID ID O,831880786265583617,1,1,1
1,PRO PRO VER VUL VUL VUL VUL,828749948313272320,1,1,0
1,O ORG PRO PRO VER VER VER O VUL VUL,825255677530615808,0,1,0
1,O O PRO O O VER VUL VUL,829391497741082624,1,1,0
1,ORG O O O O O O O PRO VER,831158715919249408,0,0,1
1,O PRO O O O O,828694674659483649,0,0,1
1,O O O PRO O O O O PRO O O,829885367855755264,1,1,0
1,PRO PRO VUL VUL VUL VUL,831550985340387329,1,1,0
1,O PRO PRO PRO O O PRO ID,827594350427308032,0,1,0
1,O PRO ID O O O,830164260940607489,1,0,0
1,O O O O VER VER VER O PRO PRO O VUL VUL,829077722341183492,0,1,0
1,O PRO O O O ID,829754055106895872,0,1,0
1,VUL PRO O O O O O O O O VUL O O O,825689990973661185,1,1,0
1,O ORG O O PRO O O O O,833212552741998592,0,0,1
1,O O O O O PRO VER O O O O O O O,827835826465697792,0,0,1
1,PRO O O ID O,829744797619470337,1,0,0
1,O PRO ID O O O,817458747958325250,1,0,0
1,O O O O O ORG PRO O PRO O ORG O O O O,829984539388870656,0,0,1
1,O ORG O PRO O O O O O O O O,827641105063632896,0,0,1
1,PRO PRO PRO O O PRO ID,834107256333541378,0,1,1
1,O ORG PRO VER VER VER O VUL VUL,827439591674241025,0,0,1
1,O PRO PRO O O O ID,828686425646313477,0,1,0
1,O ORG PRO ID VUL VUL VUL ORG PRO ID O,828546005163503616,0,0,1
1,ORG O O PRO O,833549608580177920,0,0,1
1,O ORG PRO PRO VER VUL VUL VUL,832749501051990016,0,1,0
1,ID O O O O ORG PRO PRO ID O VER,834188220963385346,0,0,1
1,O ORG PRO O VUL VUL VUL VUL VUL VUL O O,834496348133134336,0,0,1
1,ID O O O ORG PRO PRO O O ORG PRO PRO O,825182906351906817,0,1,0
1,PRO VER O O O ID,829411427039473665,0,0,1
1,O O ORG PRO PRO O PRO ID VUL VUL VUL VUL VUL,827447127936753664,0,0,1
1,ID O O O ORG PRO PRO O O ORG PRO PRO O,825182931618582528,0,1,0
1,PRO ID O O O O,834123050974994432,1,0,0
1,O ORG PRO PRO VER VER VER O VUL VUL,825255658354331648,0,1,0
1,PRO VER O PRO O ID O,827603843990974464,1,1,0
1,PRO ID O O O O,826860195305312256,1,0,0
1,O ORG O PRO O VUL VUL VUL,826607052575404033,0,0,1
1,ID ID ORG PRO PRO VUL VUL VUL VUL VUL O ORG,835376311686221824,0,0,1
-1,,834515973289959424,0,0,1
1,O PRO VER PRO O ID,828686432961196032,1,1,0
1,O ID O O O ORG PRO O O O ORG PRO PRO,825205620039106560,0,1,0
1,PRO O O VUL VUL O O VUL VUL O,831405144730279937,0,0,1
1,O ID O O O O PRO PRO O O,834625937622892544,1,1,0
1,PRO VER VER PRO ID,828685656935301120,0,0,1
1,ORG O O O O PRO PRO O PRO,835607991135121409,0,0,1
1,PRO PRO VER VER VER VER O O O VUL VUL,828663589846265856,1,1,0
1,O ID ORG PRO PRO O VER O ORG PRO PRO O VER O O,831822679439192064,0,0,1
1,O ORG O O O O PRO O O ORG O O O O,833824350973341697,0,0,1
1,ORG PRO VER O O VUL VUL VUL,832988894304026625,0,0,1
1,O O O O O O O O O ORG PRO O O O,834372197330231296,0,0,1
1,VUL PRO VER O O VUL O O O,832639523494387714,0,0,1
1,PRO PRO VER VUL VUL VUL VUL,826225725040652288,1,1,0
1,O O O O O O ORG PRO O O O O,834641749544992768,0,0,1
1,ORG O O O O PRO PRO O VUL VUL VUL O O,834362256733384704,0,0,1
-1,,829884081102008321,0,0,1
1,O ORG PRO PRO ID VUL VUL VUL ORG PRO PRO ID O,826756474017837056,0,1,0
1,O ORG PRO VUL VUL VUL VUL VUL VUL O O,828616263555354624,0,1,1
1,O O ORG O O PRO O O,833736263710674946,0,0,1
1,O O O O O O O PRO VER O,833802183900483584,0,0,1
1,O ORG O O PRO VER O O,831508853757992960,0,0,1
1,O O PRO PRO O O O VUL VUL VUL VUL,826780675961389056,1,1,0
1,O O ORG O O O O PRO PRO O,834307606734831618,0,0,1
1,O ID PRO PRO O PRO O O,832103451286970368,0,1,0
-1,,831541221696892928,1,1,0
-1,,831269624851398657,1,1,0
1,O O O O O ORG PRO O PRO O ORG O O O O,826424519682166784,0,0,1
1,O O ORG O O PRO O O,834526208360525825,0,0,1
1,PRO ID PRO O O O,834104178188247041,1,0,0
1,PRO PRO PRO O O O ID O,834111724475150336,1,1,0
1,O ORG PRO O O O PRO O O VUL VUL VUL,832136024386129920,0,0,1
1,O O O O O PRO PRO O O O ORG O,831548481152114688,0,0,1
1,O PRO PRO VER VER VER O O VUL VUL,828663744058228737,1,1,0
1,ORG ORG ID ID ID O,832752769794596865,1,1,1
1,O O O O O PRO O O PRO VER O,827479536870711297,0,0,1
-1,,826925455781552129,0,0,1
1,O ORG PRO PRO O PRO ID VUL VUL VUL,823550755793764356,0,1,1
1,ORG O VUL VUL VUL VUL O ORG PRO PRO O ORG O O O,834208691964477440,0,0,1
1,O VUL VUL VUL O O O O O O PRO O,826416407130865664,0,0,1
1,PRO PRO O O O O O O O O,834606235961798657,1,1,0
-1,,827088787675176960,0,0,1
-1,,835618203887939584,1,1,0
1,O PRO VER O VUL O O VUL O O,834917545597530112,1,1,0
1,O PRO PRO VER VER VER O VUL VUL,828663733367009280,1,1,0
1,PRO VUL VUL O O VUL VUL,827158547435757569,0,0,1
1,O ORG O O O O O VER VUL VUL VUL,826225880355786752,0,1,0
-1,,829771546357092353,1,1,0
1,O ID PRO O O,831192529609568257,0,1,1
1,O O ORG PRO O VUL VUL,826698630182608898,0,0,1
1,PRO O O ID O,827549036433592320,1,0,0
1,O O PRO VUL VUL O O O O O PRO O,830079920583897088,1,1,1
1,O PRO PRO ID VUL VUL VUL,823594541487915009,0,1,0
-1,,834484110584381448,0,0,1
1,PRO O O ID O,834430145607979008,1,0,0
1,O ORG O ID VUL VUL VUL VUL VUL O,826731854258642944,0,0,1
1,O O ORG O PRO O VUL VUL VUL,826698631373795331,0,0,1
1,O PRO PRO ID VUL VUL VUL,826230159925604352,0,1,0
1,VUL PRO VUL VUL VUL O O O,833334106322636802,1,1,0
1,ORG PRO O O O O O O VUL VUL VUL O O O O O,826750853050748928,0,0,1
1,O ORG PRO PRO O PRO ID VUL VUL VUL VUL VUL,827456731353604096,0,0,1
-1,,829125121289834496,1,0,0
-1,,827423000790196224,0,0,1
1,O PRO O O O ID,829754048609976325,0,1,0
1,PRO O O ID O,832745218499760131,1,0,0
-1,,830112417849942017,1,1,0
1,O ORG PRO PRO VER VER VER O O O VUL VUL,825270754027646977,0,1,0
1,O O PRO O O O O O,834151535055613952,0,0,1
1,O ORG O O ORG PRO PRO O O O O O,834750462553374720,0,0,1
-1,,833079182632554496,0,0,1
1,O O VUL VUL VUL O O O O O O PRO O O,825968571205328897,0,0,1
-1,,831286098693230592,0,1,0
1,ORG PRO PRO VER VER VER PRO PRO VUL VUL,825269844664803329,0,1,0
1,O O O O VUL PRO VER VUL,829895333987631105,0,0,1
-1,,826223443494330368,0,0,1
1,O PRO PRO O O O ID VUL VUL VUL VUL VUL O,826795272915202048,1,1,0
1,O O PRO PRO ID VUL VUL VUL VUL,823551135868977152,0,1,0
